time,pos_x,pos_y,pos_z,q,p1,p2,p3
1590514682.6486564,-0.0,0.11621530253681028,0.56,-0.15601570582085064,-0.16451278881878045,0.6793576147109005,0.6979024811437519
1590514682.6586564,-0.0,0.11621530253681028,0.56,-0.15603711389101402,-0.16449088830169453,0.6793577934651287,0.6979026830483778
1590514682.6686563,-0.0,0.11621530253681028,0.56,-0.15605732229936056,-0.16446709983401267,0.6793566106075587,0.697904922463432
1590514682.6786563,-0.0,0.11621530253681028,0.56,-0.1560384897414806,-0.16445744107717924,0.6793572136110321,0.6979108224423026
1590514682.6886563,-0.0,0.11621530253681028,0.56,-0.15602340077178034,-0.1644540203288651,0.6793651810900878,0.6979072461922623
1590514682.6986563,-0.0,0.11621530253681028,0.56,-0.15600803751862824,-0.1644390619295403,0.6793733945350227,0.6979062099742349
1590514682.7086563,-0.0,0.11621530253681028,0.56,-0.1560010689329743,-0.1644335202541253,0.6793721829882703,0.6979102527436045
1590514682.7186563,-0.0,0.11621530253681028,0.56,-0.15599698966959843,-0.16442798912033174,0.6793787944941901,0.6979060317660072
1590514682.7286563,-0.0,0.11621530253681028,0.56,-0.1559911149049994,-0.16442633321921551,0.6793883970920929,0.6978983872171283
1590514682.7386563,-0.0,0.11621530253681028,0.56,-0.15598126216695604,-0.1644190517850977,0.6793953764149432,0.6978955105771629
1590514682.7486563,-0.0,0.11621530253681028,0.56,-0.15598181185360172,-0.16439906478882263,0.6793970916243752,0.6978984264977206
1590514682.7586563,-0.0,0.11621530253681028,0.56,-0.1560266954528075,-0.16439674249959907,0.6793827002364451,0.6979029501207992
1590514682.7686563,-0.0,0.11621530253681028,0.56,-0.15597463707635875,-0.16440065087337774,0.6793991306122448,0.6978976715031024
1590514682.7786562,-0.0,0.11621530253681028,0.56,-0.1559499032181744,-0.16439126990848676,0.6794049211541859,0.6978997714969805
1590514682.7886562,-0.0,0.11621530253681028,0.56,-0.15596114434487746,-0.16436212746636855,0.6794257651692572,0.6978838313941629
1590514682.7986562,-0.0,0.11621530253681028,0.56,-0.15595635062185187,-0.16435331077679863,0.6794287271572683,0.6978840953965274
1590514682.8086562,-0.0,0.11621530253681028,0.56,-0.15593114143232997,-0.16430608111136558,0.67944052838603,0.6978893602375587
1590514682.8186562,-0.0,0.11621530253681028,0.56,-0.15592536994497885,-0.16429036764158048,0.679442098521544,0.6978928204104208
1590514682.8286562,-0.0,0.11621530253681028,0.56,-0.15592326305280407,-0.16426092059885938,0.6794426733106845,0.6978996629114473
1590514682.8386562,-0.0,0.11621530253681028,0.56,-0.15592500428562003,-0.16424322433362334,0.6794423165479934,0.6979037861666119
1590514682.8486562,-0.0,0.11621530253681028,0.56,-0.1559046655666484,-0.1642031793683659,0.6794421518604743,0.6979179130831004
1590514682.8586562,-0.0,0.11621530253681028,0.56,-0.15588320753591547,-0.1642063797694434,0.6794511195838638,0.6979132226865863
1590514682.8686562,-0.0,0.11621530253681028,0.56,-0.15581409250062703,-0.1642225908731506,0.6794793623678541,0.6978973457112188
1590514682.8786561,-0.0,0.11621530253681028,0.56,-0.15578717982495593,-0.16424137722475707,0.6794926402867337,0.69788600511433
1590514682.8886561,-0.0,0.11621530253681028,0.56,-0.1557783761018363,-0.16425730413771808,0.6794922302596453,0.6978846212526255
1590514682.8986561,-0.0,0.11621530253681028,0.56,-0.1557841229700279,-0.1642673070541959,0.6794951082394396,0.6978781818691667
1590514682.9086561,-0.0,0.11621530253681028,0.56,-0.15579428504258536,-0.1642630870643707,0.6794965505098529,0.6978755023723632
1590514682.918656,-0.0,0.11621530253681028,0.56,-0.15578301451967816,-0.16426129650347357,0.679505666898039,0.6978695633842276
1590514682.928656,-0.0,0.11621530253681028,0.56,-0.15577424118069924,-0.16425559369634865,0.6795077270160572,0.6978708580925141
1590514682.938656,-0.0,0.11621530253681028,0.56,-0.1557566297172831,-0.16425346184065995,0.6795059743870724,0.6978769972026383
1590514682.948656,-0.0,0.11621530253681028,0.56,-0.15574700246798834,-0.16424738776301642,0.6795029914731318,0.697883479800128
1590514682.958656,-0.0,0.11621530253681028,0.56,-0.1557627799445477,-0.1642362752856145,0.6795087678129813,0.6978769495300818
1590514682.968656,-0.0,0.11621530253681028,0.56,-0.15579373771567445,-0.16423353082630165,0.6795109525380555,0.6978685575124542
1590514682.978656,-0.0,0.11621530253681028,0.56,-0.15583995706581247,-0.16422955187888444,0.6795065947292489,0.6978634173667834
1590514682.988656,-0.0,0.11621530253681028,0.56,-0.1558613217197658,-0.16422167681466573,0.6795027070428417,0.6978642850652966
1590514682.998656,-0.0,0.11621530253681028,0.56,-0.1558583532711253,-0.16422527599720652,0.6795089780137421,0.6978579950375451
1590514683.008656,-0.0,0.11621530253681028,0.56,-0.1558513706684055,-0.1642257482601421,0.679508837269971,0.6978595803754172
1590514683.018656,-0.0,0.11621530253681028,0.56,-0.1558030748400353,-0.16422531739646978,0.6795243572826053,0.697855353806268
1590514683.028656,-0.0,0.11621530253681028,0.56,-0.15577473779204903,-0.16422161154584433,0.6795284687717281,0.6978585482111659
1590514683.038656,-0.0,0.11621530253681028,0.56,-0.15569889982168622,-0.16421073233944583,0.6795508560870942,0.697856233023073
1590514683.048656,-0.0,0.11621530253681028,0.56,-0.15570347775651863,-0.16421030121263228,0.6795519425254781,0.697854255121837
1590514683.058656,-0.0,0.11621530253681028,0.56,-0.15573163396327974,-0.16420400912516428,0.6795571892593956,0.6978443437199967
1590514683.068656,-0.0,0.11621530253681028,0.56,-0.15571701924682155,-0.1641787916090938,0.6795829670339578,0.6978284353725626
1590514683.078656,-0.0,0.11621530253681028,0.56,-0.15570631225225087,-0.16417812377017288,0.6795891547682578,0.6978249555510679
1590514683.088656,-0.0,0.11621530253681028,0.56,-0.1556807403126745,-0.16417298570843594,0.6796118585105118,0.6978097580477027
1590514683.098656,-0.0,0.11621530253681028,0.56,-0.1556359364892971,-0.1641617637889587,0.6796586065131147,0.6977768614429591
1590514683.108656,-0.0,0.11621530253681028,0.56,-0.1555843160479174,-0.16415494534916147,0.6797120761640495,0.697737892295876
1590514683.118656,-0.0,0.11621530253681028,0.56,-0.15554975581308284,-0.16413400220363153,0.6798105376908709,0.6976545951214851
1590514683.128656,-0.0,0.11621530253681028,0.56,-0.15555263942209785,-0.16411581566158753,0.6799082585054044,0.6975629947857277
1590514683.138656,-0.0,0.11621530253681028,0.56,-0.15557104798907603,-0.1641008325140713,0.6800137032109759,0.6974596226889914
1590514683.148656,-0.0,0.11621530253681028,0.56,-0.15562679293456602,-0.16407901925444363,0.6802057851978703,0.6972649868621158
1590514683.158656,-0.0,0.11621530253681028,0.56,-0.15564511600092307,-0.16406398763820956,0.6802796388052159,0.697192380365569
1590514683.1686559,-0.0,0.11621530253681028,0.56,-0.1557038027534434,-0.16404898478957794,0.6804886148659409,0.6969788312529753
1590514683.1786559,-0.0,0.11621530253681028,0.56,-0.15574514163894537,-0.16404895489403246,0.6806148886127241,0.6968462934285393
1590514683.1886559,-0.0,0.11621530253681028,0.56,-0.15576189088669898,-0.16397810618075756,0.6812760856039938,0.6962128276357523
1590514683.1986558,-0.0,0.11621530253681028,0.56,-0.15580762334494774,-0.16392490903927215,0.6816830994623039,0.6958163712882367
1590514683.2086558,-0.0,0.11621530253681028,0.56,-0.15585362999847685,-0.16387208804872444,0.682086393799237,0.6954233957621857
1590514683.2186558,-0.0,0.11621530253681028,0.56,-0.155943813266113,-0.16383237095204004,0.682439727674434,0.6950657957768586
1590514683.2286558,-0.0,0.11621530253681028,0.56,-0.1560562969269358,-0.16379917854459033,0.6828327238281962,0.6946622527882286
1590514683.2386558,-0.0,0.11621530253681028,0.56,-0.15620020339039864,-0.16375300792457828,0.683382305356747,0.6941001036750709
1590514683.2486558,-0.0,0.11621530253681028,0.56,-0.15630236174090273,-0.16371618812837022,0.6838033731569505,0.6936710170350325
1590514683.2586558,-0.0,0.11621530253681028,0.56,-0.1564008725630836,-0.16366426089005254,0.6842741839625084,0.6931965557908317
1590514683.2686558,-0.0,0.11621530253681028,0.56,-0.15648847758926096,-0.16362303586289395,0.6847210559024031,0.6927451960325512
1590514683.2786558,-0.0,0.11621530253681028,0.56,-0.15654817756566855,-0.1635782404687321,0.6850665034490142,0.692400641172902
1590514683.2886558,-0.0,0.11621530253681028,0.56,-0.15661400564579742,-0.16349142805715255,0.6855765952837233,0.6919012364470526
1590514683.2986557,-0.0,0.11621530253681028,0.56,-0.1566396342673938,-0.1634574798528225,0.6857150862831285,0.6917662132771505
1590514683.3086557,-0.0,0.11621530253681028,0.56,-0.15665658668491947,-0.16342168155023007,0.6858483448995212,0.6916387058097043
1590514683.3186557,-0.0,0.11621530253681028,0.56,-0.15665831641881806,-0.16338236208181386,0.6859652924721598,0.6915316276364462
1590514683.3286557,-0.0,0.11621530253681028,0.56,-0.15662281375958462,-0.16335002637427895,0.6859937740249262,0.6915190553762578
1590514683.3386557,-0.0,0.11621530253681028,0.56,-0.15659446075165226,-0.1633211236445333,0.6860066308245925,0.6915195497297495
1590514683.3486557,-0.0,0.11621530253681028,0.56,-0.1565767724016938,-0.16329493327870676,0.6860145351333611,0.6915218987422928
1590514683.3586557,-0.0,0.11621530253681028,0.56,-0.15655654160280386,-0.16326454276087896,0.686035198510538,0.6915131556217669
1590514683.3686557,-0.0,0.11621530253681028,0.56,-0.15654692335846188,-0.16324294159684893,0.6860798598884514,0.6914761224930981
1590514683.3786557,-0.0,0.11621530253681028,0.56,-0.1565212828230067,-0.16322786554986926,0.686103629782111,0.6914619010639269
1590514683.3886557,-0.0,0.11621530253681028,0.56,-0.1564630538270153,-0.16321659588593015,0.6861284470854982,0.6914531131828229
1590514683.3986557,-0.0,0.11621530253681028,0.56,-0.15637021983339078,-0.16318514023006273,0.6861588278367978,0.6914513910949037
1590514683.4086556,-0.0,0.11621530253681028,0.56,-0.15626488636279737,-0.16316125679596172,0.6861922084229142,0.6914477136916584
1590514683.4186556,-0.0,0.11621530253681028,0.56,-0.1562257053738032,-0.1631603652452119,0.6862124548699582,0.6914366860482811
1590514683.4286556,-0.0,0.11621530253681028,0.56,-0.15623081317503543,-0.1631659212095259,0.6862238783117915,0.6914228835138071
1590514683.4386556,-0.0,0.11621530253681028,0.56,-0.15630607989175693,-0.16318340139556106,0.6862485639032333,0.6913772441682677
1590514683.4486556,-0.0,0.11621530253681028,0.56,-0.15639287063393081,-0.1632079876001504,0.6862702269956386,0.69133030978822
1590514683.4586556,-0.0,0.11621530253681028,0.56,-0.15657232799229315,-0.16328434093875355,0.6863582911418439,0.6911841994955156
1590514683.4686556,-0.0,0.11621530253681028,0.56,-0.15675700890152444,-0.1633682752609165,0.6864794683133436,0.6910021547958165
1590514683.4786556,-0.0,0.11621530253681028,0.56,-0.1569187739230547,-0.16346570743187885,0.6866894551357702,0.6907336210919615
1590514683.4886556,-0.0,0.11621530253681028,0.56,-0.15709034941105568,-0.1635687642579707,0.6869673912605465,0.6903938178209079
1590514683.4986556,-0.0,0.11621530253681028,0.56,-0.15733740050285838,-0.16361047128966133,0.6876266974642623,0.6896707206914292
1590514683.5086555,-0.0,0.11621530253681028,0.56,-0.15771823749997843,-0.16351468482398662,0.6888932701319613,0.6883409115555615
1590514683.5186555,-0.0,0.11621530253681028,0.56,-0.1581223022905737,-0.1633924699115611,0.6904634549176497,0.6867020340715916
1590514683.5286555,-0.0,0.11621530253681028,0.56,-0.1583708315294442,-0.16333411881992418,0.6914118319710872,0.6857039350777144
1590514683.5386555,-0.0,0.11621530253681028,0.56,-0.15871084319885856,-0.16323520734692207,0.6927506170615078,0.6842950557459656
1590514683.5486555,-0.0,0.11621530253681028,0.56,-0.1592378617422958,-0.163053518136692,0.6948481331699912,0.6820862335167376
1590514683.5586555,-0.0,0.11621530253681028,0.56,-0.15980027163091887,-0.1628301591905882,0.6969564476264145,0.6798524831614206
1590514683.5686555,-0.0,0.11621530253681028,0.56,-0.1603617228473703,-0.16260493952351163,0.6989027117478148,0.6777737913945882
1590514683.5786555,-0.0,0.11621530253681028,0.56,-0.16109417371668563,-0.16224825690827216,0.7019025589349844,0.6745736986881314
1590514683.5886555,-0.0,0.11621530253681028,0.56,-0.1617820747383858,-0.16181694691396417,0.7051432782024993,0.671127971604529
1590514683.5986555,-0.0,0.11621530253681028,0.56,-0.16224231308430637,-0.16150893870198121,0.7072611586950275,0.668856855392273
1590514683.6086555,-0.0,0.11621530253681028,0.56,-0.16292212397338215,-0.16100526329276055,0.7107137984668818,0.6651353908342921
1590514683.6186554,-0.0,0.11621530253681028,0.56,-0.1636569482161826,-0.1604051037857381,0.7148185846936836,0.6606956108028449
1590514683.6286554,-0.0,0.11621530253681028,0.56,-0.1641691833691752,-0.1600117704368502,0.7177183344519884,0.6575039377169661
1590514683.6386554,-0.0,0.11621530253681028,0.56,-0.16477257003161003,-0.15956497043796347,0.7211460598814379,0.6537089162339671
1590514683.6486554,-0.0,0.11621530253681028,0.56,-0.16546018633115409,-0.15905573434433293,0.725357519969264,0.6489721249953238
1590514683.6586554,-0.0,0.11621530253681028,0.56,-0.16623631063768624,-0.15848988513395476,0.7299196491407031,0.6437823741249633
1590514683.6686554,-0.0,0.11621530253681028,0.56,-0.16697082697797938,-0.15783141655678953,0.7342944860192729,0.6387568366690702
1590514683.6786554,-0.0,0.11621530253681028,0.56,-0.16750204731779025,-0.15734680441408858,0.7373906511355188,0.6351668347279438
1590514683.6886554,-0.0,0.11621530253681028,0.56,-0.16815970031754415,-0.15671275220657352,0.741122722940438,0.6307778969322005
1590514683.6986554,-0.0,0.11621530253681028,0.56,-0.16905850927534583,-0.1558179182121474,0.7462268462773175,0.6247252362824338
1590514683.7086554,-0.0,0.11621530253681028,0.56,-0.16965469258615512,-0.1552391140093122,0.7496065818525032,0.6206408836484169
1590514683.7186553,-0.0,0.11621530253681028,0.56,-0.17023872353152317,-0.15467713269808117,0.7529339030311071,0.6165874632322398
1590514683.7286553,-0.0,0.11621530253681028,0.56,-0.17083677010542084,-0.15408051765713324,0.7564681397939527,0.6122261653627207
1590514683.7386553,-0.0,0.11621530253681028,0.56,-0.17157730863745566,-0.15336273145537954,0.7608273617039708,0.6067711119809857
1590514683.7486553,-0.0,0.11621530253681028,0.56,-0.1721606545318271,-0.15279654198695788,0.7642719043999229,0.6024107077968449
1590514683.7586553,-0.0,0.11621530253681028,0.56,-0.17273993700643,-0.15216043605333893,0.7678900374662081,0.597774206314319
1590514683.7686553,-0.0,0.11621530253681028,0.56,-0.1732822324863862,-0.15155923144708572,0.7712905300901265,0.5933902968479422
1590514683.7786553,-0.0,0.11621530253681028,0.56,-0.1735601105288848,-0.1512524914774956,0.7730124534571075,0.5911407427985986
1590514683.7886553,-0.0,0.11621530253681028,0.56,-0.1737953059243536,-0.150987658234236,0.7744727117275086,0.5892279191915886
1590514683.7986553,-0.0,0.11621530253681028,0.56,-0.17457681446503692,-0.15009920929132398,0.7793198960811323,0.5827934817947416
1590514683.8086553,-0.0,0.11621530253681028,0.56,-0.17500884174379872,-0.14961589852633536,0.781859706222739,0.5793774269373254
1590514683.8186553,-0.0,0.11621530253681028,0.56,-0.17543016639401374,-0.1491788163799344,0.7841443116707462,0.5762654149788493
1590514683.8286552,-0.0,0.11621530253681028,0.56,-0.17586244863431663,-0.14867822797388497,0.7866048839800931,0.5729038047664595
1590514683.8386552,-0.0,0.11621530253681028,0.56,-0.17607042109638707,-0.14817765889737522,0.7885642859872279,0.5702647407856477
1590514683.8486552,-0.0,0.11621530253681028,0.56,-0.1762428969770385,-0.1474163614717662,0.7912728143637857,0.5666508084193758
1590514683.8586552,-0.0,0.11621530253681028,0.56,-0.17654834079691253,-0.14697898438858029,0.7932487353906695,0.5638964162578581
1590514683.8686552,-0.0,0.11621530253681028,0.56,-0.1768172861769124,-0.14657485871953474,0.795064491990677,0.5613583142991717
1590514683.8786552,-0.0,0.11621530253681028,0.56,-0.17701159592297713,-0.14626573260606132,0.7966089645078411,0.5591826559558392
1590514683.8886552,-0.0,0.11621530253681028,0.56,-0.17717044642099855,-0.14593624990521195,0.7981277047788562,0.557049230681377
1590514683.8986552,-0.0,0.11621530253681028,0.56,-0.17744574988559442,-0.14557871042708,0.7999790800648197,0.5543928642823074
1590514683.9086552,-0.0,0.11621530253681028,0.56,-0.1776875564768329,-0.14522352068957323,0.8015478119811817,0.5521378750251018
1590514683.9186552,-0.0,0.11621530253681028,0.56,-0.17780031494707907,-0.14496222625652153,0.8025457660307345,0.5507205130660242
1590514683.9286551,-0.0,0.11621530253681028,0.56,-0.17786478568986788,-0.14487664608792633,0.8029423377871086,0.5501439322880101
1590514683.9386551,-0.0,0.11621530253681028,0.56,-0.1779105293398341,-0.14479158306757822,0.8032721108472313,0.5496699856455587
1590514683.9486551,-0.0,0.11621530253681028,0.56,-0.17801815553984623,-0.14460497507261277,0.80394018701797,0.5487067285417282
1590514683.958655,-0.0,0.11621530253681028,0.56,-0.17805388233254912,-0.14453137092199414,0.8041234925527015,0.5484458941614566
1590514683.968655,-0.0,0.11621530253681028,0.56,-0.17804637691717926,-0.14449178583885144,0.8041425598661265,0.5484308055520302
1590514683.978655,-0.0,0.11621530253681028,0.56,-0.17802177529462004,-0.14451865461499885,0.8040200681254647,0.5486112605983989
1590514683.988655,-0.005997866679558739,0.11619450831255518,0.5573823163745399,-0.17797244082421498,-0.14458253691624257,0.8037603212855997,0.5489907431785812
1590514683.998655,-0.01206089922916918,0.11617348816235207,0.5547361920317236,-0.1778649371773867,-0.14469664185774658,0.8032765014683805,0.5497033053052371
1590514684.008655,-0.01818909764883133,0.11615224208620094,0.5520616269715513,-0.17772686186369532,-0.1448231072694445,0.8026726626949661,0.5505954935668739
1590514684.018655,-0.02438246193854518,0.11613077008410179,0.5493586211940227,-0.1775794104113785,-0.14495512017576623,0.8020152334384851,0.5515660334878473
1590514684.028655,-0.03064099209831073,0.11610907215605464,0.5466271746991379,-0.17738527583298447,-0.1451565727796671,0.8010667584077257,0.5529506475868217
1590514684.038655,-0.036964688128127976,0.11608714830205946,0.543867287486897,-0.17712628867269825,-0.14542427246672154,0.7997638051479091,0.5548473390266151
1590514684.048655,-0.043353550027996936,0.11606499852211628,0.5410789595573,-0.17690689250137434,-0.1457164376644107,0.7983128008332742,0.5569240362401168
1590514684.058655,-0.0498075777979176,0.11604262281622509,0.5382621909103468,-0.17667662124157205,-0.14600926915973378,0.7967913208706933,0.5590967755120381
1590514684.068655,-0.056326771437889965,0.11602002118438588,0.5354169815460375,-0.17644143536790355,-0.14632195766769793,0.7951607401002797,0.5614056180115965
1590514684.078655,-0.06291113094791403,0.11599719362659866,0.5325433314643719,-0.17625409028799005,-0.1465454135513048,0.7939662738236025,0.5630941171306943
1590514684.088655,-0.0695606563279898,0.11597414014286343,0.5296412406653503,-0.1758751063697451,-0.14698889256961287,0.7915739589144098,0.566453259807301
1590514684.098655,-0.07627534757811726,0.11595086073318019,0.5267107091489726,-0.17548632449659637,-0.14746865782677535,0.7892180713356917,0.5697281780663684
1590514684.108655,-0.08305520469829644,0.11592735539754892,0.5237517369152386,-0.175170680708398,-0.14786314628631037,0.787293780412741,0.5723768696619458
1590514684.118655,-0.08990022768852732,0.11590362413596965,0.5207643239641485,-0.1747716018345599,-0.14838126855713923,0.7848663795318698,0.5756912425058014
1590514684.128655,-0.09681041654880991,0.11587966694844236,0.5177484702957023,-0.17429579158576125,-0.14893583560309537,0.7821832257345612,0.5793280241624753
1590514684.138655,-0.10378577127914418,0.11585548383496706,0.5147041759098998,-0.17371781322965615,-0.14962387836392801,0.7787952283263782,0.583869661774697
1590514684.148655,-0.11082629187953016,0.11583107479554376,0.5116314408067413,-0.173166616735181,-0.1503232743174414,0.7752978946731894,0.5884949142834426
1590514684.158655,-0.11793197834996788,0.11580643983017243,0.5085302649862267,-0.17282342672663753,-0.1507539868396024,0.7730528137755872,0.5914262645336471
1590514684.168655,-0.12510283069045725,0.1157815789388531,0.5054006484483557,-0.1722349362682266,-0.15144658301329872,0.7692852234956703,0.596318439020165
1590514684.178655,-0.13233884890099834,0.11575649212158574,0.5022425911931288,-0.17175931294244198,-0.15205001156813588,0.7661712857407893,0.6002956291535745
1590514684.188655,-0.13964003298159117,0.11573117937837038,0.4990560932205456,-0.17133825560224808,-0.15261396627035811,0.7632920897264918,0.6039297640612967
1590514684.198655,-0.14700638293223567,0.11570564070920701,0.4958411545306063,-0.17070020076624934,-0.15334337429386666,0.7593301851895489,0.6089000124823865
1590514684.2086549,-0.15443789875293182,0.11567987611409562,0.4925977751233109,-0.17009785364330302,-0.15407380840980336,0.7553969635456139,0.6137581725430886
1590514684.2186549,-0.16193458044367975,0.11565388559303623,0.4893259549986593,-0.16915476113637662,-0.15514192773360105,0.7494046041962481,0.6210476093555558
1590514684.2286549,-0.16949642800447937,0.11562766914602882,0.48602569415665153,-0.1685236100779934,-0.15587512965292397,0.7454128015258106,0.6258219739955706
1590514684.2386549,-0.17712344143533068,0.11560122677307338,0.4826969925972876,-0.16785808324717588,-0.15662599667587163,0.7412366598735339,0.6307514169189365
1590514684.2486548,-0.18481562073623367,0.11557455847416995,0.4793398503205676,-0.1669973053413333,-0.1576079928741121,0.7357328287916941,0.6371470800132496
1590514684.2586548,-0.19257296590718842,0.11554766424931849,0.4759542673264914,-0.1661643971140022,-0.1585262343411839,0.7304743946983038,0.6431551599466482
1590514684.2686548,-0.20039547694819485,0.11552054409851903,0.472540243615059,-0.1653910972649528,-0.1592990459074174,0.7257246797722038,0.6485259289885493
1590514684.2786548,-0.208283153859253,0.11549319802177155,0.4690977791862705,-0.16470603889388427,-0.15996853229910957,0.7214679759077973,0.6532619270012312
1590514684.2886548,-0.2162359966403628,0.11546562601907606,0.4656268740401258,-0.16382856347369745,-0.16078830466776903,0.7160862708552324,0.6591777490616998
1590514684.2986548,-0.22425400529152434,0.11543782809043256,0.462127528176625,-0.16294924287072707,-0.16188711178867587,0.7095677574508478,0.6661335585713993
1590514684.3086548,-0.23233717981273758,0.11540980423584105,0.45859974159576805,-0.16210449794799467,-0.1628392816465875,0.7034635568616232,0.672547026660735
1590514684.3186548,-0.2404855202040025,0.11538155445530152,0.45504351429755496,-0.16114340407754418,-0.1635499536903122,0.6977346189360787,0.6785624586279734
1590514684.3286548,-0.2486990264653191,0.11535307874881397,0.4514588462819857,-0.16073675587244993,-0.16396753356833382,0.695030167194617,0.6813278979125579
1590514684.3386548,-0.25697769859668745,0.11532437711637841,0.44784573754906026,-0.16021633221079343,-0.16449296323892043,0.6915817194057713,0.6848213551106406
1590514684.3486547,-0.26532153659810753,0.11529544955799485,0.4442041880987787,-0.15896977490786712,-0.1653771631769536,0.6841315800327814,0.6923354194411194
1590514684.3586547,-0.2737305404695793,0.11526629607366326,0.440534197931141,-0.15787065153450375,-0.16622354494679548,0.6773972608072634,0.6989800169274613
1590514684.3686547,-0.2822047102111027,0.11523691666338368,0.4368357670461471,-0.1572208523789226,-0.1667163796895745,0.6732899969583382,0.7029631135962097
1590514684.3786547,-0.29074404582267793,0.11520731132715607,0.43310889544379705,-0.15656496970277106,-0.16724412210992343,0.6690395514335483,0.707036026387045
1590514684.3886547,-0.2993485473043047,0.11517748006498045,0.42935358312409094,-0.15591442560508512,-0.16768361981840402,0.6650717942068946,0.7108080562701659
1590514684.3986547,-0.30801821465598334,0.11514742287685681,0.42556983008702864,-0.15529064447263696,-0.16815550917134034,0.6610419371091255,0.7145846318151508
1590514684.4086547,-0.3167530478777135,0.11511713976278518,0.42175763633261015,-0.15431392347151066,-0.16879421660517052,0.6553016444984094,0.7199055987736843
1590514684.4186547,-0.32555304696949555,0.11508663072276551,0.4179170018608355,-0.1536021604449626,-0.16930348223179695,0.650867044624901,0.7239561957256874
1590514684.4286547,-0.3344182119313292,0.11505589575679784,0.41404792667170476,-0.15320093165330534,-0.1695787572294124,0.6482004082901552,0.7263631523727048
1590514684.4386547,-0.3433485427632146,0.11502493486488216,0.41015041076521785,-0.15268968740414607,-0.16987637816309611,0.6452758543925411,0.7290038040622075
1590514684.4486547,-0.35234403946515164,0.11499374804701847,0.40622445414137476,-0.151691892289925,-0.16998791290233653,0.6415329729214613,0.7324786671831766
1590514684.4586546,-0.36140470203714037,0.11496233530320675,0.4022700568001756,-0.15114707129177116,-0.17024288588754677,0.6384204851897646,0.7352461030477695
1590514684.4686546,-0.3705305304791809,0.11493069663344703,0.39828721874162015,-0.15052927204278407,-0.17054087885888078,0.6348510114204682,0.738390337372389
1590514684.4786546,-0.3797215247912731,0.11489883203773929,0.39427593996570864,-0.15040093829840565,-0.17064731900207247,0.6336225317089834,0.7394466069580002
1590514684.4886546,-0.38897768497341695,0.11486674151608355,0.390236220472441,-0.1502015224122995,-0.1707162816604897,0.6324823342692665,0.7404460556809066
1590514684.4986546,-0.39829901102561255,0.11483442506847978,0.38616806026181716,-0.14972421488622065,-0.17090105065525799,0.6301342345254306,0.7424994380263868
1590514684.5086546,-0.4076855029478599,0.11480188269492801,0.3820714593338371,-0.14915012888997323,-0.17131170057189385,0.6267893194681309,0.7453463728387972
1590514684.5186546,-0.41713716074015883,0.11476911439542822,0.377946417688501,-0.1488475904191856,-0.1714619241109813,0.625325794704302,0.7466005688090979
1590514684.5286546,-0.42665398440250957,0.11473612016998043,0.3737929353258087,-0.14862672613122446,-0.17152599198136995,0.6242211339068523,0.7475536628981666
1590514684.5386546,-0.4362359739349119,0.11470290001858462,0.3696110122457603,-0.14827125155482926,-0.17156978661332828,0.6220364589402033,0.7494328571139866
1590514684.5486546,-0.44588312933736607,0.11466945394124078,0.36540064844835574,-0.14798607521059692,-0.17155812063178458,0.6202429983357729,0.7509764794547488
1590514684.5586545,-0.45559545060987183,0.11463578193794895,0.36116184393359496,-0.14774523598741499,-0.17154828893500002,0.6186734988778776,0.7523194058645245
1590514684.5686545,-0.4653729377524295,0.1146018840087091,0.3568945987014781,-0.14741070088332608,-0.1715431184546532,0.6170839745269117,0.7536909385375903
1590514684.5786545,-0.4752155907650386,0.11456776015352124,0.35259891275200506,-0.1471891921272332,-0.1715830214467179,0.6158885726450658,0.7547016587485318
1590514684.5886545,-0.48512340964769946,0.11453341037238536,0.3482747860851759,-0.14680467979924183,-0.17154141085294228,0.6142314502792804,0.7561359547052848
1590514684.5986545,-0.4950963944004122,0.11449883466530147,0.34392221870099055,-0.146574962905585,-0.1716759352762649,0.6132703539506416,0.7569294804910802
1590514684.6086545,-0.5051345450231763,0.11446403303226957,0.3395412105994491,-0.1464418314710506,-0.17164942558810473,0.6125288370797695,0.757561546339236
1590514684.6186545,-0.5152378615159924,0.11442900547328966,0.3351317617805515,-0.14630454677013432,-0.17147270336344017,0.6113667047008147,0.75856623727139
1590514684.6286545,-0.5254063438788602,0.11439375198836173,0.33069387224429764,-0.14623313888099893,-0.17134069540997363,0.6109019414042963,0.7589842133815498
1590514684.6386545,-0.5356399921117796,0.11435827257748578,0.3262275419906877,-0.14619850889053837,-0.17119273079121322,0.6107360052934896,0.7591578047862322
1590514684.6486545,-0.5459388062147508,0.11432256724066184,0.32173277101972164,-0.14636440580363955,-0.17110717758380817,0.6109610031993868,0.758964058946893
1590514684.6586545,-0.5563027861877736,0.11428663597788986,0.3172095593313994,-0.1464983146797803,-0.17078243993290104,0.6126418703610733,0.757655036607027
1590514684.6686544,-0.5667319320308482,0.11425047878916988,0.31265790692572104,-0.14662260928905718,-0.17065554072793707,0.6135984719008256,0.7568851873518432
1590514684.6786544,-0.5772262437439744,0.11421409567450189,0.30807781380268645,-0.14675715742450568,-0.17056217044083669,0.6145556244857135,0.7561030199308224
1590514684.6886544,-0.5877857213271523,0.11417748663388588,0.3034692799622957,-0.14716561365807634,-0.17026220900459774,0.617137691143303,0.7539854980665213
1590514684.6986544,-0.598410364780382,0.11414065166732187,0.29883230540454886,-0.14790098005255092,-0.16972190101399484,0.6207854378002429,0.7509621604292862
1590514684.7086544,-0.6091001741036633,0.11410359077480983,0.29416689012944586,-0.148252249656625,-0.16942872656943694,0.6226110279660788,0.7494449797227196
1590514684.7186544,-0.6198551492969964,0.1140663039563498,0.2894730341369867,-0.14877525519895954,-0.1690963991858448,0.6254887518646953,0.7470162665555001
1590514684.7286544,-0.6306752903603811,0.11402879121194173,0.2847507374271715,-0.14954604705863442,-0.16860385274069034,0.6295508225361367,0.7435501475910936
1590514684.7386544,-0.6415605972938175,0.11399105254158567,0.28,-0.15027532984554023,-0.1680166871349529,0.634201598517914,0.7395776141627899
1590514684.7486544,-0.6525110700973057,0.11395308794528158,0.2752208218554724,-0.15086890151302607,-0.1676676062147674,0.6375210443603014,0.736672722526714
1590514684.7586544,-0.6635267087708456,0.11391489742302949,0.2704132029935886,-0.15150825329432444,-0.16716758921608763,0.6411518085286634,0.7334968147638059
1590514684.7686543,-0.6746075133144372,0.11387648097482939,0.26557714341434874,-0.15267572980738378,-0.16638374222662616,0.6477700678451381,0.7275942811567295
1590514684.7786543,-0.6857534837280805,0.11383783860068127,0.26071264311775266,-0.1535062985269662,-0.16581977539316653,0.6523848921244378,0.7234165511126619
1590514684.7886543,-0.6969646200117755,0.11379897030058513,0.25581970210380045,-0.1542832227137696,-0.1651218471423351,0.656877798892553,0.7193323692678266
1590514684.7986543,-0.7082409221655221,0.11375987607454098,0.25089832037249216,-0.15524696721025397,-0.16456216223531764,0.6623918979353789,0.7141775993744878
1590514684.8086543,-0.7195823901893206,0.11372055592254882,0.2459484979238276,-0.1563770963205616,-0.1637677586580187,0.669068631301894,0.7078575216821013
1590514684.8186543,-0.7309890240831707,0.11368100984460865,0.24097023475780693,-0.15716651373737903,-0.16318304583754759,0.6738808317498816,0.7032436844492861
1590514684.8286543,-0.7424608238470725,0.11364123784072046,0.23596353087443017,-0.15763050834424797,-0.1628618313677564,0.6767269244276843,0.7004756327832315
1590514684.8386543,-0.7539977894810259,0.11360123991088426,0.23092838627369722,-0.15832842143340048,-0.16236921914947972,0.6810230811131442,0.6962570963638853
1590514684.8486543,-0.765599920985031,0.11356101605510005,0.22586480095560807,-0.15912552911468222,-0.16179873388245272,0.6855419058895313,0.6917522062469973
1590514684.8586543,-0.777267218359088,0.11352056627336783,0.22077277492016284,-0.16007373006132544,-0.1611543932493253,0.6905340325120618,0.6867048948264018
1590514684.8686543,-0.7889996816031966,0.1134798905656876,0.21565230816736142,-0.16079720704559772,-0.16057185248196557,0.6944801804334071,0.6826787754448495
1590514684.8786542,-0.8007973107173568,0.11343898893205934,0.21050340069720386,-0.16156180239172974,-0.1599353637381524,0.6986285519082364,0.6784036603868248
1590514684.8886542,-0.8126601057015689,0.11339786137248307,0.20532605250969016,-0.16280484400175102,-0.15885170678216798,0.7058078124069505,0.6708887133293332
1590514684.8986542,-0.8245880665558325,0.11335650788695881,0.20012026360482027,-0.16354674995506363,-0.15810789813946372,0.710588174679715,0.6658159909806654
1590514684.9086542,-0.8365811932801479,0.11331492847548652,0.1948860339825943,-0.1641211163390292,-0.15744397581559544,0.7142656730358075,0.661886955660248
1590514684.9186542,-0.8486394858745151,0.11327312313806621,0.18962336364301208,-0.1652813523241472,-0.15662609799909052,0.7205437568528015,0.6549524440314469
1590514684.9286542,-0.8607629443389341,0.1132310918746979,0.18433225258607377,-0.1660657986984646,-0.1559881363493571,0.7255251429472597,0.6493862575417698
1590514684.9386542,-0.8729515686734044,0.11318883468538157,0.17901270081177934,-0.16668766493925297,-0.1554273778550248,0.7287728150744919,0.6457134600010632
1590514684.9486542,-0.8852053588779267,0.11314635157011724,0.1736647083201287,-0.16751898656624467,-0.15469687144513872,0.7333789088207664,0.6404325002398206
1590514684.9586542,-0.8975243149525006,0.11310364252890488,0.16828827511112188,-0.1685269601234184,-0.15375257375709803,0.7388931060130929,0.6340266554598165
1590514684.9686542,-0.9099084368971262,0.11306070756174451,0.16288340118475902,-0.16929666655478354,-0.1529617149038416,0.7437919511800851,0.6282628078518474
1590514684.9786541,-0.9223577247118036,0.11301754666863613,0.15745008654103998,-0.16996553385427718,-0.15230443290107462,0.7476638375134053,0.6236261515517976
1590514684.9886541,-0.9348721783965327,0.11297415984957974,0.1519883311799647,-0.17059969116128348,-0.1515582890883244,0.7516137120211761,0.6188683334629134
1590514684.9986541,-0.9474517979513134,0.11293054710457534,0.1464981351015333,-0.17113844007484033,-0.15090516170028453,0.7551858411580146,0.6145181780901448
1590514685.008654,-0.9600965833761457,0.11288670843362292,0.1409794983057458,-0.17167762862511013,-0.1504030987740673,0.7580914310520297,0.6109004664822189
1590514685.018654,-0.9728065346710298,0.11284264383672249,0.13543242079260215,-0.17234636656755334,-0.14958538215754122,0.7623107638641576,0.605642596046781
1590514685.028654,-0.9855816518359657,0.11279835331387406,0.1298569025621023,-0.17278493770803804,-0.14904041249661837,0.7645795265682249,0.6027855107007748
1590514685.038654,-0.9984219348709532,0.11275383686507759,0.12425294361424638,-0.17297034918396761,-0.14813871631217587,0.7675569485738569,0.5991561867906929
1590514685.048654,-1.0113273837759926,0.11270909449033313,0.11862054394903421,-0.173166186363752,-0.14784155581236416,0.7694620878936006,0.596728011859804
1590514685.058654,-1.0242979985510834,0.11266412618964064,0.11295970356646601,-0.17346264943885348,-0.14741667124793675,0.7714214227330992,0.5942085920827525
1590514685.068654,-1.037333779196226,0.11261893196300014,0.10727042246654156,-0.1737868367923759,-0.14687717706746337,0.7733220294110311,0.5917753669167559
1590514685.078654,-1.0504347257114206,0.11257351181041164,0.10155270064926086,-0.17401905896692774,-0.14652525391792862,0.7745053708561123,0.5902436085392441
1590514685.088654,-1.0636008380966666,0.11252786573187512,0.0958065381146242,-0.17416605687667183,-0.14640947926116868,0.7757207378204628,0.5886318625723782
1590514685.098654,-1.0768321163519643,0.1124819937273906,0.09003193486263128,-0.17448441603219644,-0.14577990146963465,0.7770802977867731,0.5868972872977332
1590514685.108654,-1.0901285604773139,0.11243589579695805,0.08422889089328223,-0.1746366867784255,-0.1456029452698806,0.7780069465327151,0.5856678751080132
1590514685.118654,-1.1034901704727151,0.11238957194057748,0.07839740620657709,-0.17480348613004082,-0.1452662496385664,0.7788130503625129,0.5846290449164212
1590514685.128654,-1.1169169463381678,0.11234302215824891,0.07253748080251571,-0.17498075641393324,-0.14498038581397704,0.7797966001432265,0.5833347236216541
1590514685.138654,-1.1304088880736725,0.11229624644997233,0.06664911468109824,-0.17503215551453152,-0.144931636157125,0.7806202423756069,0.5822288588657036
1590514685.148654,-1.1439659956792287,0.11224924481574773,0.060732307842324584,-0.1750626704680272,-0.1448751110454283,0.7810978070523322,0.5815930128573477
1590514685.158654,-1.1575882691548367,0.11220201725557512,0.054787060286194844,-0.1750909879406101,-0.14477261175419862,0.7814084618308239,0.5811925239955213
1590514685.168654,-1.1712757085004963,0.1121545637694545,0.048813372012708856,-0.1752122692707052,-0.14432144559775895,0.7821195265570351,0.5803111467350942
1590514685.178654,-1.1850283137162079,0.11210688435738586,0.042811243021866674,-0.17529821705774268,-0.14407196553224413,0.7823690759179098,0.5800107101245978
1590514685.188654,-1.1988460848019709,0.11205897901936922,0.03678067331366852,-0.1752753155265721,-0.14431546651792382,0.7824323178161771,0.5798717472402484
1590514685.198654,-1.2127290217577855,0.11201084775540456,0.030721662888114287,-0.17517800129772804,-0.1444528855011516,0.7824232481855805,0.5798792008204955
1590514685.208654,-1.2266771245836523,0.11196249056549187,0.024634211745203527,-0.1751425499024515,-0.14437098889153338,0.7822461232549144,0.580149155388677
1590514685.218654,-1.2406903932795705,0.11191390744963119,0.018518319884936907,-0.17493763260636142,-0.14450385552146755,0.7814503935553913,0.581248994186075
1590514685.228654,-1.2547688278455402,0.1118650984078225,0.012373987307314094,-0.17465380872271039,-0.14466470956790625,0.7798714934660144,0.583411097859377
1590514685.238654,-1.268912428281562,0.11181606344006578,0.006201214012335088,-0.17455135256444423,-0.14485067012371697,0.7791083973215088,0.5844142069757295
1590514685.248654,-1.283121194587635,0.11176680254636105,0.0,-0.18250006263380422,-0.15169098439595022,0.7499300805360902,0.6167523152623869
1590514685.2586539,-1.283121194587635,0.11176680254636105,0.0,-0.1830087293790191,-0.16752002002802271,0.7032764344610554,0.6660793365033624
1590514685.2686539,-1.283121194587635,0.11176680254636105,0.0,-0.18325235543192753,-0.17782652270963645,0.6495931602996192,0.7147635738689312
1590514685.2786539,-1.283121194587635,0.11176680254636105,0.0,-0.18086902582333542,-0.18411231105548717,0.5906045937723802,0.7645605783093329
1590514685.2886539,-1.283121194587635,0.11176680254636105,0.0,-0.178797609669049,-0.1854146122140558,0.5765230135415659,0.7753690245066772
1590514685.2986538,-1.283121194587635,0.11176680254636105,0.0,-0.17478034339716073,-0.18752626308357262,0.5591675395177526,0.7884231242355145
1590514685.3086538,-1.283121194587635,0.11176680254636105,0.0,-0.1654792083701691,-0.18389672203294433,0.5492077896281988,0.7981712943539266
1590514685.3186538,-1.283121194587635,0.11176680254636105,0.0,-0.13816178443079669,-0.16997633709545443,0.5374621965391124,0.8142298804075109
1590514685.3286538,-1.283121194587635,0.11176680254636105,0.0,-0.13008807984902498,-0.1673163297457648,0.5329819039935753,0.8191492575782184
1590514685.3386538,-1.283121194587635,0.11176680254636105,0.0,-0.1272076742406904,-0.1669507374295298,0.5280430492820424,0.8228659192318917
1590514685.3486538,-1.283121194587635,0.11176680254636105,0.0,-0.12922566705275917,-0.1674406837752844,0.523758417789114,0.825186948355148
1590514685.3586538,-1.283121194587635,0.11176680254636105,0.0,-0.13921417945377373,-0.17188597036596767,0.5176126055393278,0.8265298110150001
1590514685.3686538,-1.283121194587635,0.11176680254636105,0.0,-0.1397235222059044,-0.17260184027844486,0.5150552149783009,0.8278912060961763
1590514685.3786538,-1.283121194587635,0.11176680254636105,0.0,-0.13668672829787995,-0.1711618707778023,0.5148716175583101,0.8288109226971693
1590514685.3886538,-1.283121194587635,0.11176680254636105,0.0,-0.1351217864647998,-0.17054292514018649,0.5153854624838143,0.8288754057329819
1590514685.3986537,-1.283121194587635,0.11176680254636105,0.0,-0.13562938424591978,-0.17073724196962498,0.5159100019607762,0.8284259525267514
1590514685.4086537,-1.283121194587635,0.11176680254636105,0.0,-0.13729679293641459,-0.17047959892114573,0.5190894762435758,0.8262134564550049
1590514685.4186537,-1.283121194587635,0.11176680254636105,0.0,-0.1374523342386303,-0.1702703350511292,0.521078043461429,0.8249797912521916
1590514685.4286537,-1.283121194587635,0.11176680254636105,0.0,-0.1382897206658077,-0.17080096618583826,0.5256674821289314,0.821812809230816
1590514685.4386537,-1.283121194587635,0.11176680254636105,0.0,-0.13999472422389922,-0.16982503409552813,0.5303759266894584,0.8186822708073529
1590514685.4486537,-1.283121194587635,0.11176680254636105,0.0,-0.14095373366332256,-0.16823934727198414,0.5398545186269357,0.8126268998768559
1590514685.4586537,-1.283121194587635,0.11176680254636105,0.0,-0.14273711937161063,-0.1673008223154127,0.551294334477232,0.8048015551856684
1590514685.4686537,-1.283121194587635,0.11176680254636105,0.0,-0.14518972767804986,-0.16708273824417064,0.5610024900031765,0.7976634280077474
1590514685.4786537,-1.283121194587635,0.11176680254636105,0.0,-0.1460292135396373,-0.16643577996539896,0.5672276119785972,0.7932346812631856
1590514685.4886537,-1.283121194587635,0.11176680254636105,0.0,-0.14754304950955732,-0.16556995383922407,0.5762493962759467,0.7865919670017754
1590514685.4986537,-1.283121194587635,0.11176680254636105,0.0,-0.14899171055402327,-0.16483872805896432,0.5845271692920616,0.7803381153438698
1590514685.5086536,-1.283121194587635,0.11176680254636105,0.0,-0.1512460977513807,-0.16370499013446013,0.5981357185378741,0.7697692389877078
1590514685.5186536,-1.283121194587635,0.11176680254636105,0.0,-0.15292312970307076,-0.16291061808231855,0.6069088476077109,0.7627045081639338
1590514685.5286536,-1.283121194587635,0.11176680254636105,0.0,-0.15459353331945216,-0.1614423760892547,0.6191375774664192,0.7527785720957959
1590514685.5386536,-1.283121194587635,0.11176680254636105,0.0,-0.1571564759382783,-0.1597210148614843,0.6347017465799919,0.7394840051804603
1590514685.5486536,-1.283121194587635,0.11176680254636105,0.0,-0.1590295411361877,-0.15843333772966456,0.645823987240521,0.7297336850043862
1590514685.5586536,-1.283121194587635,0.11176680254636105,0.0,-0.16180975502198278,-0.1561585194124034,0.6638001092614786,0.7132749914328753
1590514685.5686536,-1.283121194587635,0.11176680254636105,0.0,-0.16282770681207556,-0.15543102349726598,0.6698629487877416,0.707521041015193
1590514685.5786536,-1.283121194587635,0.11176680254636105,0.0,-0.16475151068819377,-0.15400628063850832,0.6811736131127676,0.696490888395618
1590514685.5886536,-1.283121194587635,0.11176680254636105,0.0,-0.16624515670135967,-0.15297667471415333,0.691270782093448,0.6863056422332457
1590514685.5986536,-1.283121194587635,0.11176680254636105,0.0,-0.16703051950145,-0.15393427120202988,0.6955503163890121,0.6816236774366495
1590514685.6086535,-1.283121194587635,0.11176680254636105,0.0,-0.16623492844688484,-0.1532907483847131,0.689379593485134,0.6881979225228873
1590514685.6186535,-1.283121194587635,0.11176680254636105,0.0,-0.1645221691788384,-0.15190559920745744,0.6861155857768352,0.6921698178864223
1590514685.6286535,-1.283121194587635,0.11176680254636105,0.0,-0.16473042793993528,-0.1524396570108643,0.6858757234101902,0.692242873398733
1590514685.6386535,-1.283121194587635,0.11176680254636105,0.0,-0.16537758494246732,-0.15319138095405582,0.6868846937714266,0.6909203381266176
1590514685.6486535,-1.283121194587635,0.11176680254636105,0.0,-0.16583076761541551,-0.15365930497494185,0.6877630662775727,0.6898336452722271
1590514685.6586535,-1.283121194587635,0.11176680254636105,0.0,-0.16604551110142216,-0.15342978656869166,0.6894120778926852,0.6881845799661719
1590514685.6686535,-1.283121194587635,0.11176680254636105,0.0,-0.16666029699960896,-0.15275643146724305,0.6938783965427123,0.6836796465146138
1590514685.6786535,-1.283121194587635,0.11176680254636105,0.0,-0.16737597829262907,-0.15319430007768003,0.6969331897278838,0.6802923469956924
1590514685.6886535,-1.283121194587635,0.11176680254636105,0.0,-0.1674866171569948,-0.15307702686204244,0.698105645680904,0.6790906725831896
1590514685.6986535,-1.283121194587635,0.11176680254636105,0.0,-0.16769465326440827,-0.15330853711263911,0.6986211913516429,0.6784565943008981
1590514685.7086535,-1.283121194587635,0.11176680254636105,0.0,-0.1674359906448943,-0.1530795892216364,0.6985599628263541,0.6786352228252621
1590514685.7186534,-1.283121194587635,0.11176680254636105,0.0,-0.16734525080028317,-0.15300425356327477,0.6985201160552231,0.6787156335173866
1590514685.7286534,-1.283121194587635,0.11176680254636105,0.0,-0.16733215871710214,-0.15299759577966138,0.6985125665016714,0.6787281331770034
1590514685.7386534,-1.283121194587635,0.11176680254636105,0.0,-0.16734164354981218,-0.15301543027077183,0.6985124869178145,0.678721855920549
1590514685.7486534,-1.283121194587635,0.11176680254636105,0.0,-0.16735406655146942,-0.15303555618004996,0.698510296260235,0.6787165099520026
1590514685.7586534,-1.283121194587635,0.11176680254636105,0.0,-0.16736607524034142,-0.15305488322802066,0.6985010413870635,0.6787187154698859
1590514685.7686534,-1.283121194587635,0.11176680254636105,0.0,-0.1673351950977909,-0.15306591481507567,0.6985092109808887,0.6787154337212115
1590514685.7786534,-1.283121194587635,0.11176680254636105,0.0,-0.167311175701877,-0.15306645749381212,0.6985142933974436,0.6787160023522815
1590514685.7886534,-1.283121194587635,0.11176680254636105,0.0,-0.16729042753399676,-0.1530668378229509,0.6985173885785109,0.678717845482203
1590514685.7986534,-1.283121194587635,0.11176680254636105,0.0,-0.1672866156351175,-0.15307355542481002,0.6985161627377781,0.6787185316516022
1590514685.8086534,-1.283121194587635,0.11176680254636105,0.0,-0.16728222813488738,-0.1530862063988514,0.6985173174792477,0.6787155712285642
1590514685.8186533,-1.283121194587635,0.11176680254636105,0.0,-0.16726735682098257,-0.15309427326412406,0.6985200740240831,0.6787145799007787
1590514685.8286533,-1.283121194587635,0.11176680254636105,0.0,-0.16724526971153345,-0.15309701190381705,0.6985210728480216,0.6787183770678504
1590514685.8386533,-1.283121194587635,0.11176680254636105,0.0,-0.16721946093262433,-0.153114543918265,0.6985272471371118,0.6787144265808492
1590514685.8486533,-1.283121194587635,0.11176680254636105,0.0,-0.16720528544103316,-0.15313560650381955,0.6985317029171259,0.6787085814298198
1590514685.8586533,-1.283121194587635,0.11176680254636105,0.0,-0.16719299351027647,-0.1531827861883301,0.6985311254250905,0.6787015567170861
1590514685.8686533,-1.283121194587635,0.11176680254636105,0.0,-0.16718808712576538,-0.15319835307915441,0.6985299183044678,0.6787004945980217
1590514685.8786533,-1.283121194587635,0.11176680254636105,0.0,-0.16718196557869802,-0.153198124757974,0.6985322074252214,0.6786996980337265
1590514685.8886533,-1.283121194587635,0.11176680254636105,0.0,-0.16717212742484835,-0.15319535450770289,0.6985350194439882,0.6786998524591696
1590514685.8986533,-1.283121194587635,0.11176680254636105,0.0,-0.1671638640365808,-0.15319322508514116,0.6985354312879677,0.6787019445685276
1590514685.9086533,-1.283121194587635,0.11176680254636105,0.0,-0.16715165932560216,-0.15323324100939958,0.6985311400331307,0.6787003337005606
1590514685.9186532,-1.283121194587635,0.11176680254636105,0.0,-0.16713205926342015,-0.15324851802136563,0.6985348524009051,0.6786978902364617
1590514685.9286532,-1.283121194587635,0.11176680254636105,0.0,-0.16711456256030852,-0.15325632913191334,0.6985383582936294,0.6786968266582889
1590514685.9386532,-1.283121194587635,0.11176680254636105,0.0,-0.16709797356652062,-0.15325910424001324,0.6985415869981085,0.678696961249344
1590514685.9486532,-1.283121194587635,0.11176680254636105,0.0,-0.1670719173575543,-0.15326458860699857,0.6985441571283719,0.6786994922883751
1590514685.9586532,-1.283121194587635,0.11176680254636105,0.0,-0.16706548278841046,-0.15327384204418362,0.6985384769182276,0.678704832729878
1590514685.9686532,-1.283121194587635,0.11176680254636105,0.0,-0.1670583640732221,-0.15328840559289264,0.6985348775726656,0.6787070004050473
1590514685.9786532,-1.283121194587635,0.11176680254636105,0.0,-0.16705368811288568,-0.1532994114258296,0.6985371255111298,0.67870335200509
1590514685.9886532,-1.283121194587635,0.11176680254636105,0.0,-0.16704621072911469,-0.1532986770699919,0.6985380648744592,0.6787043914319042
1590514685.9986532,-1.283121194587635,0.11176680254636105,0.0,-0.16702901838640247,-0.15329375236390974,0.698540816154978,0.6787069032759603
1590514686.0086532,-1.283121194587635,0.11176680254636105,0.0,-0.1669921883640073,-0.15331263786205704,0.6985409089574459,0.6787116043706938
1590514686.0186532,-1.283121194587635,0.11176680254636105,0.0,-0.1669764255374959,-0.153330941846633,0.6985389149296156,0.6787134004124042
1590514686.0286531,-1.283121194587635,0.11176680254636105,0.0,-0.16697192772883895,-0.15332815921764098,0.6985395313468054,0.6787145011340626
1590514686.0386531,-1.283121194587635,0.11176680254636105,0.0,-0.1669588685050145,-0.15332477004579806,0.6985387644294877,0.6787192685338834
1590514686.0486531,-1.283121194587635,0.11176680254636105,0.0,-0.1669408844114196,-0.15332537462835016,0.6985358854109567,0.678726518826056
1590514686.058653,-1.283121194587635,0.11176680254636105,0.0,-0.16690732099301356,-0.15333591337369062,0.6985377298273819,0.6787304941766379
1590514686.068653,-1.283121194587635,0.11176680254636105,0.0,-0.16689356162819657,-0.15334967497539528,0.6985348194119406,0.6787337639006827
1590514686.078653,-1.283121194587635,0.11176680254636105,0.0,-0.1668884990903809,-0.15335772314070567,0.6985302940990262,0.678737847654018
1590514686.088653,-1.283121194587635,0.11176680254636105,0.0,-0.16688030612278826,-0.15336636627378894,0.6985273833108884,0.6787409047369214
1590514686.098653,-1.283121194587635,0.11176680254636105,0.0,-0.16686959358923564,-0.15337521346536417,0.6985252657596985,0.678743718710989
1590514686.108653,-1.283121194587635,0.11176680254636105,0.0,-0.16685888964579848,-0.15337554083740915,0.6985325345713588,0.6787387954433695
1590514686.118653,-1.283121194587635,0.11176680254636105,0.0,-0.1668516704225941,-0.15339304998306483,0.6985349121067831,0.6787341665123477
1590514686.128653,-1.283121194587635,0.11176680254636105,0.0,-0.1668602854322303,-0.1534114497141013,0.69853052718433,0.6787324026762616
1590514686.138653,-1.283121194587635,0.11176680254636105,0.0,-0.1668744591671175,-0.15344962988442898,0.6985212958148518,0.6787297880681014
1590514686.148653,-1.283121194587635,0.11176680254636105,0.0,-0.16686519772675779,-0.15344857286538072,0.6985179209547288,0.67873577716113
1590514686.158653,-1.283121194587635,0.11176680254636105,0.0,-0.16683869913632898,-0.15344673512624019,0.6985255219139139,0.6787348840232443
1590514686.168653,-1.283121194587635,0.11176680254636105,0.0,-0.16681846666163458,-0.15345591666840483,0.6985336034723012,0.678729464244716
1590514686.178653,-1.283121194587635,0.11176680254636105,0.0,-0.1668164314080382,-0.1534637325169159,0.6985344695162292,0.6787273059777613
1590514686.188653,-1.283121194587635,0.11176680254636105,0.0,-0.16681535951621748,-0.15346956493711977,0.6985316152661486,0.6787291881792994
1590514686.198653,-1.283121194587635,0.11176680254636105,0.0,-0.16681237918835695,-0.15346999840403464,0.6985250633995412,0.6787365656247425
1590514686.208653,-1.283121194587635,0.11176680254636105,0.0,-0.16679424660355485,-0.15348492214122025,0.6985222917436988,0.678740499614172
1590514686.218653,-1.283121194587635,0.11176680254636105,0.0,-0.1667800264195531,-0.1535025986322684,0.6985258177955027,0.6787363675901176
1590514686.228653,-1.283121194587635,0.11176680254636105,0.0,-0.16677788476719338,-0.15351968626650925,0.6985285432773004,0.6787302242329147
1590514686.238653,-1.283121194587635,0.11176680254636105,0.0,-0.16677623089140803,-0.15352660958025208,0.6985294030849492,0.6787281797365639
1590514686.248653,-1.283121194587635,0.11176680254636105,0.0,-0.16676081754980904,-0.1535302341636039,0.6985294696451928,0.6787310782461766
1590514686.258653,-1.283121194587635,0.11176680254636105,0.0,-0.1667260946166607,-0.15353229546318653,0.6985352510195514,0.6787331925527609
1590514686.268653,-1.283121194587635,0.11176680254636105,0.0,-0.1666998661515408,-0.15355169971907454,0.69853427503028,0.6787362497444472
1590514686.278653,-1.283121194587635,0.11176680254636105,0.0,-0.16668181324943074,-0.15356526064899642,0.6985312682358621,0.6787407094498635
1590514686.288653,-1.283121194587635,0.11176680254636105,0.0,-0.16666182516027372,-0.15358383299398884,0.6985240661051996,0.678748827863866
1590514686.298653,-1.283121194587635,0.11176680254636105,0.0,-0.16665357346535278,-0.1535923659118057,0.6985201415666462,0.6787529618897346
1590514686.3086529,-1.283121194587635,0.11176680254636105,0.0,-0.16663539189062193,-0.15360742719891,0.6985100926229837,0.6787643589511962
1590514686.3186529,-1.283121194587635,0.11176680254636105,0.0,-0.16663470541349246,-0.153612541537052,0.6985084635612187,0.6787650464578963
1590514686.3286529,-1.283121194587635,0.11176680254636105,0.0,-0.16663596570344824,-0.15363011555811742,0.698502715932705,0.6787666744397599
1590514686.3386528,-1.283121194587635,0.11176680254636105,0.0,-0.16663792268970276,-0.15363801286914858,0.698500233840358,0.6787669607583809
1590514686.3486528,-1.283121194587635,0.11176680254636105,0.0,-0.16662907850119202,-0.15365415723969839,0.6984975242774507,0.6787682658465957
1590514686.3586528,-1.283121194587635,0.11176680254636105,0.0,-0.1666235898848168,-0.15366784773671174,0.6984978636516576,0.6787661645381994
1590514686.3686528,-1.283121194587635,0.11176680254636105,0.0,-0.1666070577841118,-0.15369288404357184,0.6984944341419834,0.6787680834337967
1590514686.3786528,-1.283121194587635,0.11176680254636105,0.0,-0.16660192461343903,-0.1537192039691276,0.6984881083987236,0.6787698925774003
1590514686.3886528,-1.283121194587635,0.11176680254636105,0.0,-0.16659864302828867,-0.15374167847304104,0.6984824627900162,0.6787714177825721
1590514686.3986528,-1.283121194587635,0.11176680254636105,0.0,-0.16659615801254013,-0.15375289783764975,0.6984787075297624,0.6787733506102028
1590514686.4086528,-1.283121194587635,0.11176680254636105,0.0,-0.16658084535953668,-0.1537761527695536,0.698469204177469,0.6787816198196696
1590514686.4186528,-1.283121194587635,0.11176680254636105,0.0,-0.16656384527796844,-0.15378926133464882,0.6984706250432461,0.6787813598501486
1590514686.4286528,-1.283121194587635,0.11176680254636105,0.0,-0.16655437894440717,-0.15379516081849706,0.6984742503775294,0.678778615455061
1590514686.4386528,-1.283121194587635,0.11176680254636105,0.0,-0.16654840984066344,-0.15381071726499942,0.698474613290463,0.678776181820776
1590514686.4486527,-1.283121194587635,0.11176680254636105,0.0,-0.1665520908631135,-0.1538168123148507,0.6984739341392846,0.6787745963032971
1590514686.4586527,-1.283121194587635,0.11176680254636105,0.0,-0.16653347512143982,-0.153834649356368,0.6984726391342029,0.6787764541177187
1590514686.4686527,-1.283121194587635,0.11176680254636105,0.0,-0.1665213427783596,-0.15384940933278196,0.6984714310671533,0.6787773284317445
1590514686.4786527,-1.283121194587635,0.11176680254636105,0.0,-0.16651980015507342,-0.153867950591412,0.6984748833884371,0.6787699516089571
1590514686.4886527,-1.283121194587635,0.11176680254636105,0.0,-0.16652076043818492,-0.15387033951617182,0.6984763230245983,0.6787676930091302
1590514686.4986527,-1.283121194587635,0.11176680254636105,0.0,-0.16650037192587194,-0.15389589461476275,0.6984791299063778,0.6787640126013322
1590514686.5086527,-1.283121194587635,0.11176680254636105,0.0,-0.16648690103683148,-0.15391299362457797,0.6984768145215625,0.6787658224470905
1590514686.5186527,-1.283121194587635,0.11176680254636105,0.0,-0.1664630173698444,-0.15392338192602892,0.6984749685143935,0.6787712240929138
1590514686.5286527,-1.283121194587635,0.11176680254636105,0.0,-0.16644616275928062,-0.1539318955748222,0.698477161680571,0.6787711696105246
1590514686.5386527,-1.283121194587635,0.11176680254636105,0.0,-0.16643141767759148,-0.15395345833169957,0.6984783152496803,0.6787687080069487
1590514686.5486526,-1.283121194587635,0.11176680254636105,0.0,-0.16642739318636202,-0.1539659068777932,0.6984813560028206,0.6787637419728442
1590514686.5586526,-1.283121194587635,0.11176680254636105,0.0,-0.16639955860423666,-0.15398701643448176,0.6984929783102218,0.6787538173393493
1590514686.5686526,-1.283121194587635,0.11176680254636105,0.0,-0.16637481869820733,-0.15400125248332547,0.6984898669990057,0.6787598541705429
1590514686.5786526,-1.283121194587635,0.11176680254636105,0.0,-0.16637041814739043,-0.15400706213751925,0.6984910001854403,0.6787584484782578
1590514686.5886526,-1.283121194587635,0.11176680254636105,0.0,-0.16636091333840894,-0.15401416484490218,0.6984926891085146,0.6787574285127784
1590514686.5986526,-1.283121194587635,0.11176680254636105,0.0,-0.16635786571249336,-0.1540249856602173,0.6984924444209384,0.678755971866982
1590514686.6086526,-1.283121194587635,0.11176680254636105,0.0,-0.1663403687269556,-0.15404263437902269,0.6984872992298541,0.6787615496666333
1590514686.6186526,-1.283121194587635,0.11176680254636105,0.0,-0.1663191491216767,-0.1540536341491266,0.6984895784153806,0.6787619075577288
1590514686.6286526,-1.283121194587635,0.11176680254636105,0.0,-0.16629962658208985,-0.15405208674201995,0.698487898249958,0.6787687712057889
1590514686.6386526,-1.283121194587635,0.11176680254636105,0.0,-0.16629791644967662,-0.15405020426893853,0.6984866955123129,0.6787708551058725
1590514686.6486526,-1.283121194587635,0.11176680254636105,0.0,-0.16630069253447224,-0.1540620175454593,0.6984825599604625,0.6787717494003436
1590514686.6586525,-1.283121194587635,0.11176680254636105,0.0,-0.1662917581388647,-0.15406862154216244,0.6984713254004173,0.6787839999611959
1590514686.6686525,-1.283121194587635,0.11176680254636105,0.0,-0.16628223974237044,-0.15409303379284636,0.6984776113732155,0.6787743219001409
1590514686.6786525,-1.283121194587635,0.11176680254636105,0.0,-0.16627872545291783,-0.1540969172998041,0.698472411181881,0.6787796522743347
1590514686.6886525,-1.283121194587635,0.11176680254636105,0.0,-0.16627415072268636,-0.15410465288722225,0.69846792659402,0.6787836313100419
1590514686.6986525,-1.283121194587635,0.11176680254636105,0.0,-0.1662626178261438,-0.15412306869714656,0.6984663949883403,0.6787838511690715
1590514686.7086525,-1.283121194587635,0.11176680254636105,0.0,-0.16623087871209866,-0.15414964227217867,0.6984612769655649,0.6787908564245732
1590514686.7186525,-1.283121194587635,0.11176680254636105,0.0,-0.1662045380061125,-0.15417040930501938,0.6984549994456732,0.6787990499299336
1590514686.7286525,-1.283121194587635,0.11176680254636105,0.0,-0.16619965111153398,-0.15417150868503507,0.6984550776060929,0.6787999163432854
1590514686.7386525,-1.283121194587635,0.11176680254636105,0.0,-0.1661941606035,-0.1541761085504503,0.6984523415733533,0.6788030311290376
1590514686.7486525,-1.283121194587635,0.11176680254636105,0.0,-0.16618990393729485,-0.15417914166618985,0.6984472835384048,0.678808588765702
1590514686.7586524,-1.283121194587635,0.11176680254636105,0.0,-0.16617701015989533,-0.15419035306374318,0.6984301932231366,0.6788267831140399
1590514686.7686524,-1.283121194587635,0.11176680254636105,0.0,-0.16616814242853756,-0.15420145039722855,0.6984270814275736,0.6788296347499562
1590514686.7786524,-1.283121194587635,0.11176680254636105,0.0,-0.16615307844585306,-0.15422724426446136,0.69842310130753,0.6788315573145277
1590514686.7886524,-1.283121194587635,0.11176680254636105,0.0,-0.16615156026589242,-0.15422193554885918,0.6984234554743093,0.6788327706099813
1590514686.7986524,-1.283121194587635,0.11176680254636105,0.0,-0.1661630946209623,-0.1542217472588455,0.6984124189264488,0.6788413450488132
1590514686.8086524,-1.283121194587635,0.11176680254636105,0.0,-0.16616791746643458,-0.1542333650323616,0.6984086972020597,0.6788413540426858
1590514686.8186524,-1.283121194587635,0.11176680254636105,0.0,-0.16615395347128165,-0.1542735806152487,0.6984071486719313,0.6788372269882228
1590514686.8286524,-1.283121194587635,0.11176680254636105,0.0,-0.16615799061008182,-0.15427529824892874,0.6984034405010123,0.6788396635453218
1590514686.8386524,-1.283121194587635,0.11176680254636105,0.0,-0.16614537870121823,-0.15429494827119858,0.6984041666280766,0.6788375373382084
1590514686.8486524,-1.283121194587635,0.11176680254636105,0.0,-0.16613820926263645,-0.15429528630288727,0.698403844178786,0.6788395469207495
1590514686.8586524,-1.283121194587635,0.11176680254636105,0.0,-0.16611493440426403,-0.15431186354924775,0.6983953631697714,0.6788501998674125
1590514686.8686523,-1.283121194587635,0.11176680254636105,0.0,-0.16609347170792035,-0.15432675652082034,0.6983915324400279,0.6788560070146802
1590514686.8786523,-1.283121194587635,0.11176680254636105,0.0,-0.16608343960744434,-0.15433447050140764,0.6983884048694567,0.67885992532673
1590514686.8886523,-1.283121194587635,0.11176680254636105,0.0,-0.16607106437102356,-0.1543409455107108,0.6983887694966433,0.6788611055904935
1590514686.8986523,-1.283121194587635,0.11176680254636105,0.0,-0.1660578257171062,-0.15434670569284167,0.6983934179422813,0.678858252311777
1590514686.9086523,-1.283121194587635,0.11176680254636105,0.0,-0.1660184386871452,-0.154375733648857,0.6983915143696549,0.6788632435105144
1590514686.9186523,-1.283121194587635,0.11176680254636105,0.0,-0.16600173226384318,-0.154381468428411,0.6983882781185892,0.678869354160397
1590514686.9286523,-1.283121194587635,0.11176680254636105,0.0,-0.16598113764110967,-0.15439498874198948,0.698389691718314,0.6788698607926934
1590514686.9386523,-1.283121194587635,0.11176680254636105,0.0,-0.165976532709283,-0.15439318907902502,0.6983924969139423,0.6788685100953552
1590514686.9486523,-1.283121194587635,0.11176680254636105,0.0,-0.16596255067759516,-0.1544153273592417,0.6983966914635467,0.6788625779850695
1590514686.9586523,-1.283121194587635,0.11176680254636105,0.0,-0.1659576824395248,-0.15442497746305048,0.6983978516699946,0.6788603794027088
1590514686.9686522,-1.283121194587635,0.11176680254636105,0.0,-0.16593976582673983,-0.15443932425383225,0.6983933992272394,0.6788660760079808
1590514686.9786522,-1.283121194587635,0.11176680254636105,0.0,-0.1659324681288911,-0.15444294440130305,0.6983970239882197,0.6788633071604067
1590514686.9886522,-1.283121194587635,0.11176680254636105,0.0,-0.16591624460615179,-0.15446118328530956,0.698401369074837,0.6788586526722574
1590514686.9986522,-1.283121194587635,0.11176680254636105,0.0,-0.16591689141564187,-0.15446222154063338,0.6984011220385301,0.6788585125008093
1590514687.0086522,-1.283121194587635,0.11176680254636105,0.0,-0.1658953246787261,-0.15448047672417364,0.6984025181130875,0.6788581930073837
1590514687.0186522,-1.283121194587635,0.11176680254636105,0.0,-0.16588791391373311,-0.15448884473419405,0.6984054813522238,0.6788550511381128
1590514687.0286522,-1.283121194587635,0.11176680254636105,0.0,,,,
1590514687.0386522,-1.283121194587635,0.11176680254636105,0.0,,,,
1590514687.0486522,-1.283121194587635,0.11176680254636105,0.0,,,,
