time,acc_x,acc_y,acc_z,mag_x,mag_y,mag_z,gyr_x,gyr_y,gyr_z
1589995477.5568259,-4.05,-0.78,9.0,0.3377777777777778,-0.3333333333333333,-0.5877777777777777,-0.00545415391248228,0.015271630954950384,-0.001090830782496456
1589995477.5668259,-4.04,-0.83,8.883044319542984,0.3377777777777778,-0.3333333333333333,-0.5877777777777777,-0.007635815477475192,0.01641010329193899,-0.0020394404687768906
1589995477.5768259,-4.0488897700237905,-0.8433346550356859,8.931114195083268,0.3377777777777778,-0.3333333333333333,-0.5877777777777777,-0.007150953737911937,0.018786337909179645,-0.0018179071287996052
1589995477.5868258,-4.057308717331499,-0.851926151994498,8.972691282668501,0.3377777777777778,-0.32824979940394317,-0.5901700290386672,-0.005957837899138785,0.014013874554087034,0.0
1589995477.5968258,-4.053050463123102,-0.8208486106306929,8.958646758138284,0.3377777777777778,-0.3144444444444445,-0.5966666666666667,-0.0026995535922106654,0.006637553754810096,0.00033275390755503175
1589995477.6068258,-4.055785243671948,-0.8,8.893140974687793,0.3377777777777778,-0.3144444444444445,-0.5966666666666667,0.0015505893768325261,0.004363323129985824,0.00017131359382431576
1589995477.6168258,-4.046920009383063,-0.8,8.876159981233872,0.3377777777777778,-0.3144444444444445,-0.5966666666666667,0.001845686707517461,0.004027348272510373,-0.001090830782496456
1589995477.6268258,-4.047161644019911,-0.8,8.907904110049778,0.3377777777777778,-0.3144444444444445,-0.5966666666666667,0.0018720449575165368,0.003272492347489368,-0.001090830782496456
1589995477.6368258,-4.057015704735155,-0.8014921476324223,8.942984295264845,0.3377777777777778,-0.31328388517478284,-0.5945113423087235,0.0027841881766467757,0.0031097242905418375,-0.0012535988394439868
1589995477.6468258,-4.04,-0.8050395650274286,8.964960434972573,0.3377777777777778,-0.30666666666666664,-0.5822222222222222,-0.0005410995162652938,0.0016405620487276182,-1.7263499931736634e-05
1589995477.6568258,-4.04,-0.8155441669316764,8.91300472125052,0.3377777777777778,-0.30666666666666664,-0.5822222222222222,3.957293599261835e-05,0.001090830782496456,0.0016164597057483749
1589995477.6668258,-4.03464711119667,-0.83,8.897470221623312,0.3377777777777778,-0.30666666666666664,-0.5822222222222222,0.0005069211943011179,0.0005069211943011179,0.0005069211943011179
1589995477.6768258,-4.037857713273845,-0.818213430089233,8.933928856636921,0.3377777777777778,-0.30666666666666664,-0.5822222222222222,0.0008571435519140757,0.0,0.0
1589995477.6868258,-4.05,-0.8,8.949064257158645,0.3317349396720151,-0.30666666666666664,-0.5834811468275894,0.0019344722967650934,0.0009887570729112739,0.0
1589995477.6968257,-4.046923702812198,-0.8,8.976923702812199,0.3111111111111111,-0.30666666666666664,-0.5877777777777777,0.001090830782496456,0.003692179196273496,0.0
1589995477.7068257,-4.04,-0.7995745999767542,8.963193599628067,0.3111111111111111,-0.30666666666666664,-0.5877777777777777,0.0009052150064039204,0.002088853676946644,0.0
1589995477.7168257,-4.04,-0.79,8.8335322236449,0.3111111111111111,-0.30666666666666664,-0.5877777777777777,-0.0016681377267113962,0.0006417418483111887,-0.0006417418483111887
1589995477.7268257,-4.04,-0.7905621885870077,8.890562188587008,0.3111111111111111,-0.30666666666666664,-0.5877777777777777,0.002099894549489433,0.0021612198111170423,-0.0021612198111170423
1589995477.7368257,-4.044434525051104,-0.8222172625255516,8.928869050102207,0.31529927365937543,-0.3083912041865402,-0.5877777777777777,-0.0016979299218433843,0.0018164282472207475,-0.0018164282472207475
1589995477.7468257,-4.061714931121315,-0.8248552066360539,8.95657013775737,0.33,-0.3144444444444445,-0.5877777777777777,0.0,0.004363323129985824,-0.004363323129985824
1589995477.7568257,-4.056155913978495,-0.8046146953405019,8.912311827956989,0.33,-0.3144444444444445,-0.5877777777777777,-0.001510155518778696,0.0018463972653546645,-0.0003362417465759687
1589995477.7668257,-4.044988901945423,-0.8199778038908474,8.894966705836271,0.33,-0.3144444444444445,-0.5877777777777777,-0.002184082784904446,-0.001090830782496456,0.0010980944422310577
1589995477.7768257,-4.05,-0.8136435849972143,8.930445518753482,0.33,-0.3144444444444445,-0.5877777777777777,-0.0019829348313127266,0.0006933773151360846,-0.0026277135894010473
1589995477.7868257,-4.044074680106031,-0.7929626599469843,8.954074680106032,0.3263789711759081,-0.31609036663721357,-0.5877777777777777,-0.003272492347489368,0.003918844481137332,-0.0019797880801934406
1589995477.7968256,-4.03,-0.8,8.944237467346685,0.31777777777777777,-0.32,-0.5877777777777777,-0.00558367225828311,0.008227569805434768,0.0001663588181789595
1589995477.8068256,-4.022176942217307,-0.8,8.903061653303842,0.31777777777777777,-0.32,-0.5877777777777777,-0.010860054320624101,0.017119317953026906,-0.000664149170365965
1589995477.8168256,-4.005204843057962,-0.7952048430579627,8.853975784710187,0.31777777777777777,-0.32,-0.5877777777777777,-0.018365364011874667,0.03345823567625996,-0.0005230704799275924
1589995477.8268256,-4.003767218524629,-0.7862327814753703,8.87623278147537,0.31777777777777777,-0.32,-0.5877777777777777,-0.026194964777271124,0.05158307596568703,-0.0019127103687078427
1589995477.8368256,-4.015224267782426,-0.7765171548117155,8.87870711297071,0.3189387261738726,-0.32,-0.5893257089725709,-0.03372364980052495,0.06882019457751407,-0.00365241182169441
1589995477.8468256,-4.047446704146701,-0.7646541900916878,8.920930838018338,0.3244444444444444,-0.32,-0.5966666666666667,-0.04343015394707412,0.0798337244750254,-0.00535261523609022
1589995477.8568256,-4.115904350212708,-0.8263825991491698,8.91361740085083,0.3244444444444444,-0.32,-0.5966666666666667,-0.039664505389943865,0.07243022087639653,-0.004363323129985824
1589995477.8668256,-4.125465311406243,-0.8538663278515606,8.936395934218728,0.3244444444444444,-0.32,-0.5966666666666667,-0.031183733394891493,0.049204590552685466,-0.003941572186415252
1589995477.8768256,-4.15,-0.8667658007941761,8.999851298808736,0.3244444444444444,-0.32,-0.5966666666666667,-0.01591234063030816,0.02422130735050608,-0.0025344579700367484
1589995477.8868256,-4.132324442777328,-0.8741081475924427,8.974108147592442,0.3231351439094317,-0.31890891622082274,-0.5966666666666667,-0.003077920335567952,0.004168751118064407,-0.0015192983806357465
1589995477.8968256,-4.060996859650535,-0.8495015701747323,8.948006280698928,0.31777777777777777,-0.3144444444444445,-0.5966666666666667,0.0021272913053612744,-0.0011452010421280935,-0.0030006410493311807
1589995477.9068255,-4.08,-0.8336500848132378,8.871900508879426,0.31777777777777777,-0.3144444444444445,-0.5966666666666667,0.0014371649300945536,-0.0007963249746005215,0.0018353274173948143
1589995477.9168255,-4.078989825873648,-0.8179796517472956,8.803132263642578,0.31777777777777777,-0.3144444444444445,-0.5966666666666667,0.002181661564992912,0.0018510828551809807,0.0009806378792258123
1589995477.9268255,-4.07,-0.803553185314178,8.923553185314178,0.31777777777777777,-0.3144444444444445,-0.5966666666666667,0.001794069173330951,7.194639248942684e-05,0.0007751847833239217
1589995477.9368255,-4.072099550775486,-0.8120995507754861,8.938398203101944,0.31637807726078704,-0.3144444444444445,-0.5908345811792053,0.0008618053209650002,0.0017236106419300005,0.0017236106419300005
1589995477.9468255,-4.0833108885179,-0.8233108885179001,8.9600673344463,0.3111111111111111,-0.3144444444444445,-0.5688888888888889,-0.00036116191127396106,0.0,-0.00036116191127396106
1589995477.9568255,-4.088206215120002,-0.833587569759995,8.923855936080022,0.3111111111111111,-0.3144444444444445,-0.5688888888888889,-0.0005038160532130409,-0.00078268630571122,-0.0008951592060686509
1589995477.9668255,-4.072801015155505,-0.8392015227332583,8.857198984844494,0.3111111111111111,-0.3144444444444445,-0.5688888888888889,0.002181661564992912,-0.0027927482757658206,0.0011779311406650025
1589995477.9768255,-4.063006225911651,-0.82,8.882024903646604,0.3111111111111111,-0.3144444444444445,-0.5688888888888889,0.0015258048122793594,0.00032792837635677626,0.001960778842062263
1589995477.9868255,-4.0643045724955496,-0.8128807156194363,8.912847713752226,0.31490806278074507,-0.3144444444444445,-0.5715783963215463,0.0,0.0015567868555963578,-0.001090830782496456
1589995477.9968255,-4.03,-0.7727507131061402,8.92724928689386,0.3377777777777778,-0.3144444444444445,-0.5877777777777777,-0.0009001687589982578,0.005063454386984469,-0.001090830782496456
1589995478.0068254,-4.046434244957506,-0.8164342449575064,8.867131510084988,0.3377777777777778,-0.3144444444444445,-0.5877777777777777,-0.015643745635657035,0.020962628750828598,-0.001090830782496456
1589995478.0168254,-4.100441580003229,-0.8438051975004035,8.865662370004843,0.3377777777777778,-0.3144444444444445,-0.5877777777777777,-0.022753029244846408,0.03257050628731451,-0.0019209960958802047
1589995478.0268254,-4.124158398872661,-0.8385148439434045,8.934257421971703,0.3377777777777778,-0.3144444444444445,-0.5877777777777777,-0.016340858248524166,0.022086617716291522,-0.0023328652148661188
1589995478.0368254,-4.064095079485238,-0.8140950794852385,8.92409507948524,0.3350477247876188,-0.31520279249726646,-0.5877777777777777,-0.0048585487445799,0.0006441269065696711,-0.00029780258395118987
1589995478.0468254,-4.0821012688016,-0.84,8.95,0.31777777777777777,-0.32,-0.5877777777777777,-0.001378036753625776,-0.0013200436516049518,-0.002181661564992912
1589995478.0568254,-4.060916113634936,-0.8381677727301274,8.937174409110892,0.31777777777777777,-0.32,-0.5877777777777777,-0.0019817965743422748,0.0011907632778217745,-0.0019817965743422748
1589995478.0668254,-4.069696861850232,-0.8206062762995373,8.814243934096762,0.31777777777777777,-0.32,-0.5877777777777777,-6.613448502333684e-05,0.0021485943224812433,-6.613448502333684e-05
1589995478.0768254,-4.07,-0.77,8.877206503766304,0.31777777777777777,-0.32,-0.5877777777777777,-0.002138974268158125,0.007593128180640405,-0.0013528666539118733
1589995478.0868254,-4.07,-0.77,8.896471155612714,0.31777777777777777,-0.32,-0.5877777777777777,-0.004940904301243363,0.010395058213725644,-0.002053349162183183
1589995478.0968254,-4.064888630773435,-0.6767409128177098,8.94674091281771,0.33,-0.30666666666666664,-0.5822222222222222,-0.009639721411404014,0.014536311434582108,-0.0025371728271210954
1589995478.1068254,-4.086381695818529,-0.6624122027876469,8.932412202787647,0.33,-0.30666666666666664,-0.5822222222222222,-0.008858211512691097,0.01609933123200794,-0.004100192624546924
1589995478.1168253,-4.101738965641404,-0.6782610343585954,8.895216896924214,0.33,-0.30666666666666664,-0.5822222222222222,-0.007256432027205611,0.012900277664822681,-0.00545415391248228
1589995478.1268253,-4.109687683590123,-0.6703123164098774,8.919063050770367,0.33,-0.30666666666666664,-0.5822222222222222,-0.005522290783236886,0.012033207042838319,-0.00545415391248228
1589995478.1368253,-4.091684337713336,-0.6398939737199819,8.903368675426673,0.33,-0.30666666666666664,-0.5834386883485206,-0.004638922243859872,0.009633744299885406,-0.004363323129985824
1589995478.1468253,-4.104364244510156,-0.5469072664695331,8.937182122255077,0.33,-0.30666666666666664,-0.5966666666666667,-0.007635815477475192,0.008865346591664323,-0.0037485575728912583
1589995478.1568253,-4.081196157421754,-0.6017384567709947,8.880111558723272,0.33,-0.30666666666666664,-0.5966666666666667,-0.007635815477475192,0.015520422853282392,-0.0015414280657526616
1589995478.1668253,-3.9373348501891807,-0.541932712956335,8.788307342264035,0.33,-0.30666666666666664,-0.5966666666666667,-0.012096046189247884,0.030173981277376527,-0.000686189340272722
1589995478.1768253,-3.6916211495712923,-0.3908399491902191,8.895644649094951,0.33,-0.30666666666666664,-0.5966666666666667,-0.022340727105603028,0.046777900033901684,-0.0016575501093190033
1589995478.1868253,-3.7515587488091455,-0.5040554144172753,9.022179580819307,0.33,-0.30666666666666664,-0.5966666666666667,-0.023793655511771615,0.05549547047091321,-0.00020462170315041495
1589995478.1968253,-3.66,-0.73,9.036985945752395,0.33,-0.30666666666666664,-0.5688888888888889,0.0012070812566314505,0.010435103459019001,0.03732074755314949
1589995478.2068253,-3.4824678982685775,-0.9382166625245077,8.880274210918731,0.33,-0.30666666666666664,-0.5688888888888889,0.01749805474739724,0.007366820395938358,0.06010027880696867
1589995478.2168252,-2.866651639943467,-1.473519664701009,8.736732784248746,0.33,-0.30666666666666664,-0.5688888888888889,0.04144763574793103,0.01636049474397969,0.04801130688084765
1589995478.2268252,-2.9,-1.06,8.59,0.33,-0.30666666666666664,-0.5688888888888889,0.05017821599483697,0.02072578486743266,0.015271630954950384
1589995478.2368252,-2.992194529893067,-0.9394379224475276,8.816940381275241,0.33,-0.30666666666666664,-0.5688888888888889,0.008403553810237309,0.01453694602526975,-0.05899443515100459
1589995478.2468252,-2.9633351264120495,-0.647222521068675,8.968148347379117,0.33,-0.3144444444444445,-0.5877777777777777,0.003595549339137801,0.018200398487107656,-0.23248693716842914
1589995478.2568252,-2.7556476422797007,-0.6386746769348628,8.928990988448279,0.33,-0.3144444444444445,-0.5877777777777777,0.020763565793673597,0.05072526973242103,-0.4011151898565723
1589995478.2668252,-2.600944834889766,-0.7173557331279483,8.857736208722441,0.33,-0.3144444444444445,-0.5877777777777777,0.032704171750370596,0.06409132312169705,-0.5415646231117006
1589995478.2768252,-2.504032155579089,-0.903105035140079,8.833508038894772,0.33,-0.3144444444444445,-0.5877777777777777,0.04415666624605241,0.07290093427222152,-0.6754707125996725
1589995478.2868252,-2.117474179343475,-1.1500344275420336,8.636678142514011,0.3295386309047238,-0.3144444444444445,-0.5879623254158882,0.08727397352423967,0.0985408843270209,-0.7862022035008396
1589995478.2968252,-2.1930320256204965,-1.0492906325060047,8.603096877502,0.32487456631972245,-0.3144444444444445,-0.5898279512498887,0.0652950869700769,0.09121458880896664,-0.8274126157898949
1589995478.3068252,-2.4273325766174803,-1.0717139614074915,8.97733257661748,0.3244444444444444,-0.3144444444444445,-0.59,0.010643338713211731,0.053185739230573514,-0.8977846883300683
1589995478.3168252,-2.5268128144747317,-1.1143483490605994,9.076812814474732,0.3244444444444444,-0.3144444444444445,-0.59,0.017619374079946272,0.06016177459730806,-0.9256888297970065
1589995478.3268251,-2.5952823750213274,-1.0086794062446682,8.841885343797987,0.3244444444444444,-0.3144444444444445,-0.59,0.04882012143420285,0.07744898555724837,-0.9633675498778939
1589995478.3368251,-2.6320188447092345,-1.0016150757673876,8.920403768941847,0.32525198232813823,-0.3138612226395545,-0.58941677819511,0.03285705655212847,0.07762516299356143,-1.001789335757911
1589995478.3468251,-2.68,-1.0520694389956846,8.91390741467242,0.34444444444444444,-0.3,-0.5755555555555556,0.03490027285705338,0.07939859416350896,-1.0435240747599757
1589995478.356825,-2.68,-1.0932061592781483,8.859058454295802,0.34444444444444444,-0.3,-0.5755555555555556,0.031160839459131916,0.07117184068808172,-1.0644649017883359
1589995478.366825,-2.7488461254884613,-1.1430288284302883,8.867211531372115,0.34444444444444444,-0.3,-0.5755555555555556,0.023033314616058027,0.06981317007977318,-1.0932694081807495
1589995478.376825,-2.7515823431117714,-1.1752529706646861,8.79424108800594,0.34444444444444444,-0.3,-0.5755555555555556,0.039262870225258276,0.08542297680506769,-1.1184949174668333
1589995478.386825,-2.75,-1.1981574594203397,8.786052486473446,0.34444444444444444,-0.3,-0.5755555555555556,0.041221952806185985,0.08901751723780083,-1.1369898000117868
1589995478.396825,-2.785129747886752,-1.245129747886752,8.867285445350854,0.36318030998404555,-0.29531603361509967,-0.584142827261206,0.03806150232979633,0.08484965091956431,-1.1610249843467348
1589995478.406825,-2.81245946244071,-1.2724594624407104,8.91245946244071,0.3711111111111111,-0.2933333333333333,-0.5877777777777777,0.03844736312124804,0.08562137250246771,-1.1780618694021563
1589995478.416825,-2.846321067496214,-1.3150947566616185,8.832263108345954,0.3711111111111111,-0.2933333333333333,-0.5877777777777777,0.0469263963440156,0.08726646259971647,-1.1989981451176697
1589995478.426825,-2.8883100946760116,-1.3583100946760114,8.88704266568302,0.3711111111111111,-0.2933333333333333,-0.5877777777777777,0.04172807984690206,0.09040069989118747,-1.2145863864583057
1589995478.436825,-2.851220505651828,-1.389084620761129,8.899694873587043,0.3711111111111111,-0.2933333333333333,-0.5877777777777777,0.03827892977251784,0.08736631498485835,-1.226818504896326
1589995478.446825,-2.85,-1.3985112571141614,8.908511257114162,0.38151375869508614,-0.2715823429304765,-0.5896691682475914,0.035393775010015206,0.08912333085129032,-1.235540537440595
1589995478.456825,-2.93,-1.4253100395363767,8.884954887980266,0.38333333333333336,-0.2677777777777778,-0.59,0.03926990816987242,0.09153324648665975,-1.2439332490181298
1589995478.466825,-2.93,-1.4678298922042374,8.764481972087994,0.38333333333333336,-0.2677777777777778,-0.59,0.03926990816987242,0.09076021375070446,-1.247025379961951
1589995478.476825,-2.9462725238966847,-1.5026882245271507,8.80268822452715,0.38333333333333336,-0.2677777777777778,-0.59,0.03202507910099429,0.09153203912755303,-1.2522737383059317
1589995478.486825,-3.005983933292658,-1.5282788285539963,8.828278828553996,0.38333333333333336,-0.2677777777777778,-0.59,0.03574708158301574,0.09060153850704766,-1.2522737383059317
1589995478.496825,-2.985425414364641,-1.6172338858195212,8.87180847145488,0.43666666666666665,-0.2677777777777778,-0.5877777777777777,0.037680067504554375,0.09173424834607397,-1.2515774547898848
1589995478.506825,-3.0072232170837623,-1.6537023772216501,8.867967274029638,0.43666666666666665,-0.2677777777777778,-0.5877777777777777,0.040562672304458355,0.08726646259971647,-1.2530616690602938
1589995478.516825,-2.981101954320697,-1.69,8.754040499175888,0.43666666666666665,-0.2677777777777778,-0.5877777777777777,0.04254240051736178,0.08734659897931123,-1.250052008551141
1589995478.526825,-3.0119543079446203,-1.696840077806171,8.86195430794462,0.43666666666666665,-0.2677777777777778,-0.5877777777777777,0.04286217340703216,0.08923494223826246,-1.2486814730687716
1589995478.536825,-3.027951485563904,-1.7528301994736641,8.877951485563905,0.43666666666666665,-0.2677777777777778,-0.5877777777777777,0.04547970547405888,0.08748992086024465,-1.246063941001745
1589995478.546825,-3.0250042604990868,-1.7762446743761413,8.868751065124771,0.4633333333333333,-0.2288888888888889,-0.5966666666666667,0.04226992519591531,0.08835729338221293,-1.24150166814169
1589995478.556825,-2.99,-1.8235576029577494,8.849327191126752,0.4633333333333333,-0.2288888888888889,-0.5966666666666667,0.03997266467054754,0.08809857719433205,-1.2421975450755822
1589995478.566825,-2.99,-1.8484353190059117,8.774694042982265,0.4633333333333333,-0.2288888888888889,-0.5966666666666667,0.037258926824193385,0.08628941863009595,-1.2403883865113463
1589995478.576825,-2.998756822992091,-1.8850272919683635,8.77875682299209,0.4633333333333333,-0.2288888888888889,-0.5966666666666667,0.03422258298188586,0.08713085302488456,-1.2383641572831414
1589995478.586825,-2.974551753096788,-1.9154482469032121,8.805448246903213,0.4633333333333333,-0.2288888888888889,-0.5966666666666667,0.036591727365649536,0.08634113823029668,-1.2417942356111564
1589995478.596825,-2.97,-1.9548541474065186,8.816970829481305,0.4772749922959407,-0.21184908349014647,-0.6067356425841054,0.03784864614265349,0.09149842858163797,-1.2416958617256892
1589995478.6068249,-2.988604992878027,-2.0293024964390134,8.768604992878027,0.4833333333333333,-0.20444444444444448,-0.6111111111111112,0.04355714546433573,0.08812903587564541,-1.2388794255738842
1589995478.6168249,-2.9760274383387064,-2.023013719169353,8.756027438338705,0.4833333333333333,-0.20444444444444448,-0.6111111111111112,0.042871146281334774,0.08607103832664255,-1.2361354288418802
1589995478.6268249,-2.9623223198594024,-2.0276776801405973,8.78071072056239,0.4833333333333333,-0.20444444444444448,-0.6111111111111112,0.04421741048446688,0.08843482096893378,-1.231470425851778
1589995478.6368248,-2.9440850335540243,-2.022042516777012,8.845702382560914,0.4833333333333333,-0.20444444444444448,-0.6111111111111112,0.04298800855218783,0.08597601710437568,-1.2347972564814194
1589995478.6468248,-2.920736776336342,-2.1314735526726842,8.907052894654631,0.4866666666666667,-0.17,-0.6044444444444445,0.031714462523146934,0.08104295722773658,-1.2326387842209952
1589995478.6568248,-2.92763314095924,-2.145266281918479,8.87946743616304,0.4866666666666667,-0.17,-0.6044444444444445,0.03246673920494455,0.08405206395492702,-1.2326387842209952
1589995478.6668248,-2.900413600832848,-2.1424816049970885,8.694549609161328,0.4866666666666667,-0.17,-0.6044444444444445,0.03690777919682475,0.08722134574770278,-1.229636992985588
1589995478.6768248,-2.907814479558167,-2.1868868773490022,8.775959275139838,0.4866666666666667,-0.17,-0.6044444444444445,0.03367853666438435,0.0864140351145927,-1.2344808567842485
1589995478.6868248,-2.91,-2.2,8.784762469390385,0.4866666666666667,-0.17,-0.6044444444444445,0.04020462882208351,0.08866886693294997,-1.2359112765684843
1589995478.6968248,-2.960767003716187,-2.2803835018580934,8.79115050557428,0.52,-0.1511111111111111,-0.6255555555555555,0.0371300801680748,0.08940629060151409,-1.2340224499458585
1589995478.7068248,-2.978891193500994,-2.2894455967504967,8.818336790251491,0.52,-0.1511111111111111,-0.6255555555555555,0.03811860137432856,0.08841776939526033,-1.2409420983896349
1589995478.7168248,-2.9645912737233417,-2.351634905106633,8.719843279201722,0.52,-0.1511111111111111,-0.6255555555555555,0.04406198691695022,0.090038124676377,-1.2388441835397208
1589995478.7268248,-2.9594447681193197,-2.4101850772935602,8.79981492270644,0.52,-0.1511111111111111,-0.6255555555555555,0.041552513739343606,0.09049857734541453,-1.2391030137123915
1589995478.7368248,-2.9350081566068518,-2.4183306144643826,8.791669385535616,0.52,-0.1511111111111111,-0.6255555555555555,0.04599521508229483,0.08872149680823405,-1.2355488526380305
1589995478.7468247,-2.898550653563951,-2.4640290850104685,8.79,0.5451594771488391,-0.1273493826927631,-0.6430274146866938,0.04416125043280063,0.08698505677493945,-1.2327620908750778
1589995478.7568247,-2.9050878576255914,-2.5067252384170606,8.815087857625592,0.56,-0.11333333333333333,-0.6533333333333333,0.03615685879888897,0.08343897108073167,-1.2297235129475064
1589995478.7668247,-2.890875273522976,-2.548249452954048,8.74987600291758,0.56,-0.11333333333333333,-0.6533333333333333,0.033515795683355734,0.08290313946973066,-1.2244985291256478
1589995478.7768247,-2.8440814331110102,-2.57,8.71,0.56,-0.11333333333333333,-0.6533333333333333,0.035859409748947114,0.083686761038244,-1.2146778822794106
1589995478.7868247,-2.824509950087509,-2.6029402994749464,8.742940299474947,0.56,-0.11333333333333333,-0.6533333333333333,0.03648937506068077,0.08758719951741945,-1.204726540823178
1589995478.7968247,-2.8091115997376845,-2.6517768005246305,8.759111599737684,0.5569754443715791,-0.09216144393438688,-0.6611971779672278,0.03837289625803825,0.08816347451155064,-1.1934781989833807
1589995478.8068247,-2.7242246880206205,-2.622640430012888,8.778415741992267,0.5544444444444444,-0.07444444444444444,-0.6677777777777778,0.03829428788085938,0.08410918074571053,-1.17660684649208
1589995478.8168247,-2.7939720742237735,-2.712465092779717,8.72452094433217,0.5544444444444444,-0.07444444444444444,-0.6677777777777778,0.03616180199716582,0.08802852103264736,-1.1718810327507592
1589995478.8268247,-2.7450745844580196,-2.7337313538854953,8.74746270777099,0.5544444444444444,-0.07444444444444444,-0.6677777777777778,0.03749527417274808,0.08835729338221293,-1.1685565437004637
1589995478.8368247,-2.698327237041663,-2.725551491361109,8.767224254319446,0.5544444444444444,-0.07444444444444444,-0.6677777777777778,0.0389671212865994,0.08678120558376608,-1.1608845860774206
1589995478.8468246,-2.673835324443563,-2.7442470133346553,8.786164675556437,0.5589346320990103,-0.04301313086248396,-0.6848404908651278,0.040151554454173885,0.08441233924861709,-1.154054059589729
1589995478.8568246,-2.651706064819767,-2.7957348379505826,8.76255909722965,0.56,-0.03555555555555556,-0.6888888888888889,0.03138072451995193,0.08798508777774575,-1.147021460810476
1589995478.8668246,-2.6404327753913,-2.8478361230435,8.6930294277391,0.56,-0.03555555555555556,-0.6888888888888889,0.030543261909900768,0.08418280413972191,-1.1454195300931524
1589995478.8768246,-2.586383546414675,-2.8768082267926625,8.698936075597553,0.56,-0.03555555555555556,-0.6888888888888889,0.030543261909900768,0.09081739268779639,-1.1385488991857096
1589995478.8868246,-2.5875749174379257,-2.8875749174379255,8.760599339503404,0.56,-0.03555555555555556,-0.6888888888888889,0.028064375975053252,0.08997719510647062,-1.136083915520572
1589995478.8968246,-2.5766011148272017,-2.9234972129319954,8.766601114827202,0.5689325901151988,-0.017690375325157937,-0.7045209215904868,0.029463157022054945,0.08798653252494702,-1.1319008654794047
1589995478.9068246,-2.563224654866815,-2.967101380532741,8.746449309733629,0.5733333333333334,-0.008888888888888889,-0.7122222222222222,0.031282337413232365,0.09022276461304286,-1.1278834641563336
1589995478.9168246,-2.55476575179428,-2.9695315035885597,8.68242326973708,0.5733333333333334,-0.008888888888888889,-0.7122222222222222,0.031063124785794597,0.09048784991649704,-1.122260455066018
1589995478.9268246,-2.4852642559109874,-2.949210709318498,8.683946453407511,0.5733333333333334,-0.008888888888888889,-0.7122222222222222,0.029954797390066536,0.09003658868454362,-1.1133938359001934
1589995478.9368246,-2.4561542387401345,-2.9661542387401347,8.73,0.5733333333333334,-0.008888888888888889,-0.7122222222222222,0.030023028101614314,0.08882716402457583,-1.1088043088246857
1589995478.9468246,-2.4977500281246483,-3.0432500843739456,8.741833352083098,0.581222234722066,-0.005601846643583621,-0.7194537151618938,0.029252443438664472,0.09113891801342536,-1.1044116196026903
1589995478.9568245,-2.4652648827745165,-3.0632243310404434,8.789143227572298,0.5866666666666667,-0.0033333333333333327,-0.7244444444444444,0.02348175605209337,0.09259148622149159,-1.0974692265652077
1589995478.9668245,-2.436845550764406,-3.0910733045864367,8.703625637005096,0.5866666666666667,-0.0033333333333333327,-0.7244444444444444,0.023368622833414374,0.09461672072848483,-1.090369606095467
1589995478.9768245,-2.446073790026341,-3.116073790026341,8.716811690289749,0.5866666666666667,-0.0033333333333333327,-0.7244444444444444,0.021113821721126993,0.09731820428511861,-1.087986573218748
1589995478.9868245,-2.437458051590283,-3.1513548710242927,8.716103180565991,0.5866666666666667,-0.0033333333333333327,-0.7244444444444444,0.019228180472329843,0.09543854174512069,-1.0807177184500658
1589995478.9968245,-2.412360991463701,-3.1935186780483984,8.725278017072597,0.5866666666666667,-0.007253113008066411,-0.7329373004063662,0.017069464287054536,0.09509419219363605,-1.0728017476271794
1589995479.0068245,-2.3577681674884814,-3.1931072669953924,8.68242906798157,0.5866666666666667,-0.01,-0.7388888888888889,0.010664852664470445,0.09783582017588009,-1.0627341523642555
1589995479.0168245,-2.341594263651406,-3.2320286817429675,8.577536900165471,0.5866666666666667,-0.01,-0.7388888888888889,0.01165132423418713,0.10459323559569764,-1.054959886198035
1589995479.0268245,-2.34,-3.2230164126898715,8.627934349240515,0.5866666666666667,-0.01,-0.7388888888888889,0.006441272656929578,0.10673689689391147,-1.0454057369657792
1589995479.0368245,-2.3326982733989143,-3.2565086330054287,8.676508633005428,0.5866666666666667,-0.01,-0.7388888888888889,0.0014716798415634969,0.10610492187046892,-1.038349595149822
1589995479.0468245,-2.2732950544569115,-3.260549175742818,8.680549175742819,0.603468132012767,-0.0352021980191504,-0.7462395299778077,0.007216475013788373,0.10271781089624693,-1.0270109183539053
1589995479.0568244,-2.2969289232620858,-3.3228341542782003,8.7428341542782,0.6044444444444445,-0.03666666666666667,-0.7466666666666667,-0.0021558173337808025,0.09568395058678766,-1.0147218069556578
1589995479.0668244,-2.305467000395205,-3.34093400079041,8.689862995652748,0.6044444444444445,-0.03666666666666667,-0.7466666666666667,0.00030565104391647516,0.0919204919176868,-1.005629152924495
1589995479.0768244,-2.3219794774761664,-3.4059042282221093,8.667952114111054,0.6044444444444445,-0.03666666666666667,-0.7466666666666667,0.005450422812360212,0.08727019369983854,-0.9935383775580894
1589995479.0868244,-2.318540211265229,-3.464248253518275,8.692832169012183,0.6044444444444445,-0.03666666666666667,-0.7466666666666667,0.010131186148237182,0.0821212504012064,-0.9784656771157272
1589995479.0968244,-2.286832533270889,-3.4521722671037742,8.682669866916443,0.5974056294908654,-0.04968847433078788,-0.744203081432914,0.014417757754914034,0.07721202797478827,-0.9628382252180551
1589995479.1068244,-2.246714925082701,-3.423919828760459,8.648184860867874,0.5822222222222222,-0.07777777777777778,-0.7388888888888889,0.01859757167586505,0.06992006682662377,-0.9385955083077797
1589995479.1168244,-2.1678842371452656,-3.3610578814273673,8.632644703568419,0.5822222222222222,-0.07777777777777778,-0.7388888888888889,0.018601821783699925,0.06992856704229353,-0.913940380107526
1589995479.1268244,-2.135345705216101,-3.401382820864404,8.690691410432201,0.5822222222222222,-0.07777777777777778,-0.7388888888888889,0.012054316339898948,0.06849607576244118,-0.8893637067343229
1589995479.1368244,-2.1292168996387626,-3.4253915501806187,8.646084498193812,0.5822222222222222,-0.07777777777777778,-0.7388888888888889,0.013687930375832942,0.06603797384002669,-0.8621539308752028
1589995479.1468244,-2.140682542090096,-3.4713650841801913,8.687900803882906,0.5500493789709625,-0.05939329591991506,-0.6866080186055918,0.0162135541530017,0.06372053353576446,-0.8317827104992379
1589995479.1568244,-2.1469521131223512,-3.51,8.704760565611755,0.52,-0.042222222222222223,-0.6377777777777778,0.01982730876643002,0.061798175652435075,-0.7978176566087398
1589995479.1668243,-2.14,-3.5163760621323386,8.663623937867662,0.52,-0.042222222222222223,-0.6377777777777778,0.021216195276895968,0.05730871121075237,-0.7667142104272457
1589995479.1768243,-2.1192692342221027,-3.52,8.6530897447407,0.52,-0.042222222222222223,-0.6377777777777778,0.017373578339410743,0.05303395529447249,-0.7322411440322928
1589995479.1868243,-2.09786816054025,-3.5381977591896248,8.680329598649374,0.52,-0.042222222222222223,-0.6377777777777778,0.016362461737446838,0.049713120773629826,-0.7009559237230534
1589995479.1968243,-2.0548674560576883,-3.5060843200721106,8.726349407956734,0.5424457919631436,0.031946481655991225,-0.6124042738194416,0.011572004187486475,0.04033182234990748,-0.6556063731430288
1589995479.2068243,-2.1088261832086674,-3.467318787106296,9.84116123838594,0.5455555555555556,0.042222222222222223,-0.6088888888888889,0.02445518357779811,0.027149019338389768,-0.6276971929480943
1589995479.2168243,-1.9314278716629931,-3.2339788670795286,8.01652251495749,0.5455555555555556,0.042222222222222223,-0.6088888888888889,0.18602055916580312,-0.13122300055639316,-0.5819135869837399
1589995479.2268243,-1.7121754613743856,-2.9671853844013727,8.642536770842993,0.5455555555555556,0.042222222222222223,-0.6088888888888889,0.031368198263322405,0.10909651257477923,-0.5074060638425851
1589995479.2368243,-1.6599865140016394,-3.0519136896104926,9.803840865219344,0.5455555555555556,0.042222222222222223,-0.6088888888888889,-0.20894698212732954,0.16628998048616472,-0.47690915857555033
1589995479.2468243,-1.7195627147947459,-3.1573927344030026,9.130057559720845,0.5455555555555556,0.06922534501863603,-0.5931893988909739,-0.030939216763502086,-0.021145221941382936,-0.4429744924665235
1589995479.2568243,-1.7120273777415906,-3.1833972825810393,8.088246399674317,0.5455555555555556,0.09,-0.5811111111111111,0.1228305103533524,0.043179046909120555,-0.3618509578144979
1589995479.2668242,-2.0248528064895983,-3.67144367395002,9.881656940991757,0.5455555555555556,0.09,-0.5811111111111111,-0.009430983550514624,0.0072406729804949665,-0.3393183646446009
1589995479.2768242,-1.7038385142160553,-3.190468072137966,8.975643756050339,0.5455555555555556,0.09,-0.5811111111111111,-0.05136385061429773,-0.04073205398047906,-0.32255775502074596
1589995479.2868242,-1.5634093197181071,-2.9977045879476485,7.9254494462821805,0.5455555555555556,0.09,-0.5811111111111111,0.006908098149040011,0.016883716630995593,-0.2673545765201932
1589995479.2968242,-1.7959078114004223,-3.332066326530612,8.387222026741732,0.5501136719055438,0.11826032136992728,-0.5929622136210806,-0.005814085849950995,0.0005328451209713966,-0.2242647526650499
1589995479.3068242,-1.9461320695890751,-3.5703660285589573,8.880294319386419,0.5511111111111111,0.12444444444444445,-0.5955555555555555,-0.006361807835387603,-0.0003025513076351091,-0.1902981065788888
1589995479.3168242,-1.8488630564218882,-3.4177856535299123,8.245273603629146,0.5511111111111111,0.12444444444444445,-0.5955555555555555,0.020745269511406945,0.007968910105416413,-0.14865360664083543
1589995479.3268242,-1.8969623591464877,-3.49713977463438,8.316659474146887,0.5511111111111111,0.12444444444444445,-0.5955555555555555,0.013531776343181479,-0.008654900576762615,-0.11399866007116145
1589995479.3368242,-1.9579646238166417,-3.6199115595416043,8.656725834578973,0.5511111111111111,0.12444444444444445,-0.5955555555555555,0.015590197568000076,-0.006554632052422338,-0.0790128086110291
1589995479.3468242,-1.9076561435384964,-3.525312287076993,8.660937347912139,0.5471527710183172,0.169965355511574,-0.5886284603931662,0.013686509179029135,-0.0061870608215357364,-0.038366515816502245
1589995479.3568242,-1.9221872618242999,-3.593202231841125,8.6721872618243,0.5466666666666666,0.17555555555555555,-0.5877777777777777,0.019140606434271207,-0.005939920990547362,-0.01675467390694538
1589995479.3668242,-1.94,-3.648098456645101,8.626525102107204,0.5466666666666666,0.17555555555555555,-0.5877777777777777,0.01793974461790987,-0.010214429524420404,0.008204394315599361
1589995479.3768241,-1.9778169526336056,-3.6948290616576096,8.681267810534424,0.5466666666666666,0.17555555555555555,-0.5877777777777777,0.009905271860913006,-0.014506728517589898,0.04108834842857173
1589995479.3868241,-1.9692007058462482,-3.684093447905478,8.684463710296148,0.5466666666666666,0.17555555555555555,-0.5877777777777777,0.0071424894739073215,-0.012683832853107785,0.06590278359202081
1589995479.3968241,-1.8855335276967928,-3.548938775510204,8.427026239067056,0.5466666666666666,0.17555555555555555,-0.5877777777777777,-0.000580080276173043,-0.014087936444031486,0.08696433745587635
1589995479.406824,-1.9617921185439708,-3.6200812484340887,8.699307061813236,0.5844444444444444,0.16111111111111112,-0.5866666666666667,0.0035057760700784486,-0.014087486683418294,0.13370561880188592
1589995479.416824,-1.977289317620708,-3.6354821960345136,8.611607320115045,0.5844444444444444,0.16111111111111112,-0.5866666666666667,0.001618713031156517,-0.016362461737446838,0.16256221721431602
1589995479.426824,-1.9853177776732371,-3.6818262219504163,8.5942075551583,0.5844444444444444,0.16111111111111112,-0.5866666666666667,0.00019043482306272536,-0.01944451926187348,0.18326834654826035
1589995479.436824,-2.0116012286850706,-3.6851963139447883,8.719607372110424,0.5844444444444444,0.16111111111111112,-0.5866666666666667,0.002705662426840341,-0.020093035999209863,0.19757220952700608
1589995479.446824,-2.046034411996843,-3.7055602209944754,8.750474191002368,0.5772126633342103,0.16617335788827503,-0.5967911602209944,0.0019042616611883675,-0.02318484633623012,0.21321507618020144
1589995479.456824,-2.0093435026858573,-3.6666793783573213,8.708339689178661,0.5733333333333334,0.1688888888888889,-0.6022222222222222,0.0,-0.023707666332325586,0.22369192315966277
1589995479.466824,-1.9669853637421204,-3.6039707274842407,8.468751183616048,0.5733333333333334,0.1688888888888889,-0.6022222222222222,0.0014196765853089442,-0.025036961310388992,0.23257150910049862
1589995479.476824,-1.9989929009976974,-3.7069787029930925,8.739929009976976,0.5733333333333334,0.1688888888888889,-0.6022222222222222,-0.0008565281998017551,-0.025572300826956006,0.2410881905958649
1589995479.486824,-1.959913116201273,-3.6729675231148073,8.795935046229616,0.5733333333333334,0.1688888888888889,-0.6022222222222222,-0.0008833382757111336,-0.024611277183062837,0.2463925876904139
1589995479.496824,-1.9402115878979633,-3.5626586909234725,8.721591523301035,0.6006378397380968,0.15588674298185867,-0.6035224368129253,0.0015434202202674625,-0.02208355318074568,0.24378913955834283
1589995479.506824,-1.9636947755175194,-3.5684337306210234,8.673775069450668,0.62,0.14666666666666667,-0.6044444444444445,-0.0103869886598912,-0.02416913070014896,0.23189134737780664
1589995479.516824,-2.0078127734033244,-3.6964910155461337,8.683871054579717,0.62,0.14666666666666667,-0.6044444444444445,-0.00706936751208434,-0.02101157827454342,0.22362031041177347
1589995479.526824,-1.9759801731359954,-3.7017355487294052,8.603471097458812,0.62,0.14666666666666667,-0.6044444444444445,-0.003595233261774483,-0.01768480086808552,0.21517421571580048
1589995479.536824,-1.9654221882026504,-3.608692053772186,8.53888245706358,0.62,0.14666666666666667,-0.6044444444444445,-0.006320587605339221,-0.018615460702797244,0.20376095923719773
1589995479.546824,-2.003574139793242,-3.654283906804505,8.73821293010338,0.6968990382142674,0.115637230194243,-0.617260950813489,-0.007713239047903886,-0.017453292519943295,0.1866108675366216
1589995479.556824,-2.00803426185849,-3.6489743036061326,8.735982869070755,0.7466666666666667,0.09555555555555556,-0.6255555555555555,-0.00894107502748031,-0.015159744834957764,0.1681930257994863
1589995479.566824,-2.0012109557604862,-3.6462630147465047,8.592213675576899,0.7466666666666667,0.09555555555555556,-0.6255555555555555,-0.005586248694460252,-0.016230366955468867,0.15610953917008027
1589995479.576824,-1.9652095473167255,-3.6871856790249113,8.553383292195731,0.7466666666666667,0.09555555555555556,-0.6255555555555555,-0.0016591042400920675,-0.014749073630049538,0.14689309570969328
1589995479.586824,-1.971275757456365,-3.731275757456365,8.643827272369094,0.7466666666666667,0.09555555555555556,-0.6255555555555555,-0.001160412557716572,-0.01308996938995747,0.14050842561638244
1589995479.596824,-1.99,-3.73806903566624,8.741758375168159,0.9574470365630914,-0.007846135337030102,-0.6421263393524442,-0.006086060513032693,-0.01308996938995747,0.1322388133305004
1589995479.606824,-1.9837722928263837,-3.7362277071736165,8.751316878479152,1.1,-0.07777777777777778,-0.6533333333333333,-0.0039712839774234485,-0.01308996938995747,0.12260399511416267
1589995479.616824,-1.974283433038587,-3.7057005982315228,8.5627864241962,1.1,-0.07777777777777778,-0.6533333333333333,-0.006079476551865572,-0.010595646505272914,0.11328832880157343
1589995479.626824,-1.9945554189715222,-3.738933005531653,8.56259926244622,1.1,-0.07777777777777778,-0.6533333333333333,-0.00821032862899407,-0.008726646259971648,0.10319020073357413
1589995479.636824,-2.016382020095188,-3.7855280803807507,8.7,1.1,-0.07777777777777778,-0.6533333333333333,-0.0073343054651033,-0.007542665104784801,0.09234801502143719
1589995479.646824,-1.9945430672268907,-3.8063707983193273,8.7,1.212062762605042,-0.1795359185340803,-0.7147317051820729,-0.004089899290203034,-0.00545415391248228,0.07219134160190699
1589995479.6568239,-2.0292472734685556,-3.81285309006897,8.680250908843815,1.39,-0.3411111111111111,-0.8122222222222222,0.003272492347489368,-0.00545415391248228,0.05345070834232633
1589995479.6668239,-2.134631777717831,-3.6661046668465067,8.657315888858916,1.39,-0.3411111111111111,-0.8122222222222222,0.0016764129937637741,-0.005720167138103212,0.04680037770180302
1589995479.6768239,-2.1457923683359157,-3.5794110235147882,8.657194912223943,1.39,-0.3411111111111111,-0.8122222222222222,-0.0011994513688513959,-0.005715768303523547,0.018716991256818243
1589995479.6868238,-2.0845263990508207,-3.674596269197812,8.638245336497263,1.39,-0.3411111111111111,-0.8122222222222222,0.0035748417931684663,-0.004363323129985824,0.005549855960567626
1589995479.6968238,-1.977470538243626,-3.5797957507082154,8.695726628895184,1.1035742209631727,-0.19061621026125275,-0.7588208057916273,0.0055809745790932,-0.007540699977517002,-0.0036752344888003113
1589995479.7068238,-2.009042851421706,-3.469521425710853,8.800947136563877,0.8,-0.031111111111111114,-0.7022222222222222,0.0023893868501659457,-0.004415527486617112,-0.008726646259971648
1589995479.7168238,-2.0957630037121517,-3.5561040296972135,8.734398899771904,0.8,-0.031111111111111114,-0.7022222222222222,0.00012926142306115456,-0.003143230924428213,-0.02067092377279886
1589995479.7268238,-2.0826196054719976,-3.642141183584007,8.602619605471997,0.8,-0.031111111111111114,-0.7022222222222222,0.0009781833288534216,-0.00355824697617448,-0.042091810702789646
1589995479.7368238,-2.0650693332291707,-3.694792000312488,8.668890668333269,0.8,-0.031111111111111114,-0.7022222222222222,0.0021967877291187757,-0.0011059569466223198,-0.06579105912533642
1589995479.7468238,-1.9969406517385764,-3.724552157291098,8.783955033679229,0.7229274632360377,0.04218864413293687,-0.6882090337196837,0.004794750378297048,0.0026456568541432797,-0.0955371562879401
1589995479.7568238,-1.93,-3.765820460326323,8.742538619021031,0.6411111111111111,0.12,-0.6733333333333333,0.007036701083440752,0.0071440990890131745,-0.1394304927568201
1589995479.7668238,-1.901944164482967,-3.850787643620238,8.67,0.6411111111111111,0.12,-0.6733333333333333,0.009024640297056574,0.009746785226992875,-0.19437017001605564
1589995479.7768238,-1.9041771008662096,-3.8431015230510286,8.652911449566895,0.6411111111111111,0.12,-0.6733333333333333,0.007497754337755311,0.011840343666998253,-0.25671794970434103
1589995479.7868237,-1.9894777333627944,-3.6582246951770685,8.706135628628248,0.6411111111111111,0.12,-0.6733333333333333,0.0009227898594712201,0.015550742348547392,-0.31516177002846046
1589995479.7968237,-2.035441988015032,-3.45419677015269,8.841245217862342,0.6355154175741913,0.12792723251063637,-0.6782295651781381,0.007850458417105804,0.021587717346448296,-0.3697094638036905
1589995479.8068237,-1.8202409512152475,-3.5383133414932684,8.678554292708515,0.6144444444444445,0.15777777777777774,-0.6966666666666667,0.022960013832959935,0.02285487903189121,-0.4141214418446455
1589995479.8168237,-1.8013090271007994,-3.6852361084031977,8.773819457984013,0.6144444444444445,0.15777777777777774,-0.6966666666666667,0.01768736706843532,0.028413111207750637,-0.45509421963525415
1589995479.8268237,-1.8454905694446724,-3.7361320770203057,8.667754723485285,0.6144444444444445,0.15777777777777774,-0.6966666666666667,0.011999138607461015,0.03564546849839598,-0.5209622594963474
1589995479.8368237,-1.9163666766997758,-3.77113541353132,8.806820842112304,0.6144444444444445,0.15777777777777774,-0.6966666666666667,0.012395472697325619,0.035005668562352744,-0.5506704660804091
1589995479.8468237,-1.7282504159733776,-3.8235277315585137,8.648833610648918,0.6171882356566217,0.15777777777777774,-0.7017622789178529,0.027913167856839984,0.040424355622795664,-0.6109831241536279
1589995479.8568237,-1.6749289953370072,-3.7708520559559133,8.634644976685037,0.6222222222222222,0.15777777777777774,-0.7111111111111111,0.0229384280612629,0.04630609040563405,-0.6915512259533014
1589995479.8668237,-1.7302733806605228,-3.674808633537634,8.66,0.6222222222222222,0.15777777777777774,-0.7111111111111111,0.0251129649606055,0.05346860106471659,-0.772522906676174
1589995479.8768237,-1.78,-3.6489859102706714,8.646521134593995,0.6222222222222222,0.15777777777777774,-0.7111111111111111,0.029452431127404314,0.05966383294941544,-0.8434349516563604
1589995479.8868237,-1.7454530289913217,-3.602421714985536,8.672224075677274,0.6222222222222222,0.15777777777777774,-0.7111111111111111,0.03322092106923222,0.06578051201267972,-0.9092802537370757
1589995479.8968236,-1.6521062320002375,-3.589576912799501,8.766525637599834,0.5952755427557245,0.1476727729778411,-0.6967956876445341,0.035963053081958817,0.07105324073774079,-0.9783367569367256
1589995479.9068236,-1.5441717122790022,-3.7301840639379997,8.713251392589004,0.5511111111111111,0.13111111111111112,-0.6733333333333333,0.040541443300934524,0.07364111694898665,-1.0576776108504733
1589995479.9168236,-1.4671254897004928,-3.7454790850499178,8.674790850499178,0.5511111111111111,0.13111111111111112,-0.6733333333333333,0.04420146136247045,0.07955557237888888,-1.132459024635068
1589995479.9268236,1.6798499740165842,-0.4181741566687003,0.5072938837298633,0.5511111111111111,0.13111111111111112,-0.6733333333333333,-0.5696352407701305,1.115634631552719,-2.719583030838334
1589995479.9368236,3.6355905430695534,0.4614243771783735,-3.8928655804130967,0.5511111111111111,0.13111111111111112,-0.6733333333333333,-0.8806868573650384,0.7515791128432034,-6.460027700362977
1589995479.9468236,1.7449602037567655,-2.8465966252785737,0.2285577841451767,0.5511111111111111,0.15949556050797695,-0.6625087551735116,-0.5563684991912893,-1.1550460215405525,-10.561086072450145
1589995479.9568236,-0.6907514299436757,-3.3203316159455096,0.04287800724795879,0.5511111111111111,0.26222222222222225,-0.6233333333333333,-0.6434156039809975,-0.46525376010735764,-10.455133171367724
1589995479.9668236,-0.93314362356097,-4.8302910472784175,4.687678998547,0.5511111111111111,0.26222222222222225,-0.6233333333333333,-0.6302062641673326,-0.15877899756298045,-10.091907560653429
1589995479.9768236,-1.2864486368206283,-4.5173428351765335,5.629905375835354,0.5511111111111111,0.26222222222222225,-0.6233333333333333,0.050364397178720544,1.0133198010564244,-9.36241526363718
1589995479.9868236,-0.8382185625963128,-2.7028742503852508,1.9355375874937337,0.5511111111111111,0.26222222222222225,-0.6233333333333333,1.000790793368458,2.3907573868792675,-8.565327048171403
1589995479.9968235,0.07695316946959885,-2.576650194049159,6.188463906856404,0.514452896363375,0.3199249676584735,-0.6212967658473479,1.7761319425343132,2.5651425197784588,-7.932978131630958
1589995480.0068235,1.200958334458456,-0.33027299975697355,3.599252558528879,0.4311111111111111,0.4511111111111111,-0.6166666666666667,2.3261859660035427,1.0289949071494568,-6.831878669524677
1589995480.0168235,-0.740667271585119,-0.7436584770014658,-1.7637094297480282,0.4311111111111111,0.4511111111111111,-0.6166666666666667,1.2094340945851867,-0.2698173404789245,-5.897698941449834
1589995480.0268235,-0.23263209013209013,-0.5875174825174825,-0.8001495726495726,0.4311111111111111,0.4511111111111111,-0.6166666666666667,0.24398629911201905,0.1395816305062622,-5.356868885347362
1589995480.0368235,-1.123579266869017,-1.1914382442213403,5.79130982955872,0.4311111111111111,0.4511111111111111,-0.6166666666666667,-0.8857645282380485,0.7601679579791791,-4.703496022543824
1589995480.0468235,-2.800613763717021,-2.7032175169273875,18.870954792201726,0.4311111111111111,0.4511111111111111,-0.6166666666666667,-1.550743874610449,0.992510139241825,-4.347638601242128
1589995480.0568235,-0.11752220924920043,-2.0224777907507994,6.656029747702929,0.2766666666666667,0.5611111111111111,-0.64,-0.051917265729559625,0.22487383274404277,-3.385661597335094
1589995480.0668235,0.8937645933014354,-2.454886124401914,11.068786602870812,0.2766666666666667,0.5611111111111111,-0.64,0.6288273067212015,0.4182808902983803,-2.8555523961605522
1589995480.0768235,6.813953488372093,-12.27565891472868,9.901550387596899,0.2766666666666667,0.5611111111111111,-0.64,0.24302695107711741,-0.020455191184952926,-2.462740752668743
1589995480.0868235,7.693487212481903,-14.324513229853626,9.000264194949333,0.2766666666666667,0.5611111111111111,-0.64,-0.40155458091927093,-0.03436081872993721,-1.5431297648024358
1589995480.0968235,1.0052718770875084,-2.915363616121131,8.50014963259853,0.24473940473539676,0.5837691679655608,-0.6331339221653183,-0.4692719049761637,0.1363456866198299,-0.3377051793475995
1589995480.1068234,-0.9862493871046825,0.4288354988967884,8.657253616082373,0.17333333333333334,0.6344444444444445,-0.6177777777777778,0.34142157757314445,0.08182872195991764,0.3602409156902537
1589995480.1168234,-0.36166981293976314,-0.8774952805903552,4.290707053372232,0.17333333333333334,0.6344444444444445,-0.6177777777777778,0.5127400765183767,0.1210842760880329,0.6000123424052489
1589995480.1268234,0.3837512211006187,-1.6243753391946163,8.429068164550092,0.17333333333333334,0.6344444444444445,-0.6177777777777778,-0.2326380165622337,-0.18409480352794094,0.7675532291190329
1589995480.1368234,0.6337411089715881,-2.0198015483161083,10.546534365544073,0.17333333333333334,0.6344444444444445,-0.6177777777777778,-0.4767886877223879,-0.1429120783400137,0.975636016897274
1589995480.1468234,2.8822942262397353,-5.536068177477879,9.313463937870011,0.1687868596204582,0.6356843918206831,-0.6252174620352098,-0.004972935673084461,-0.04855512867482474,1.1729494945720513
1589995480.1568234,3.7829530472218487,-6.86533297457285,8.049986546481904,0.16111111111111112,0.6377777777777778,-0.6377777777777778,0.06687836125583074,-0.10774966125922951,1.468719191061812
1589995480.1668234,-0.052548783425680534,-2.583920501084076,9.051034449530233,0.16111111111111112,0.6377777777777778,-0.6377777777777778,-0.11923744882696322,-0.12699919205943058,1.7140492391372337
1589995480.1768234,-1.1303420862442786,-1.8631462298241388,8.43130330040954,0.16111111111111112,0.6377777777777778,-0.6377777777777778,-0.031060690435734423,-0.034413595748640335,1.892607174879472
1589995480.1868234,0.9022018012857234,-3.9555228820571573,8.708348609254662,0.16111111111111112,0.6377777777777778,-0.6377777777777778,-0.09351521984045798,-0.19546486812815567,2.0834307463759343
1589995480.1968234,1.669728534148049,-5.183565654636879,9.042055884412195,0.16111111111111112,0.6377777777777778,-0.6377777777777778,-0.1357413273383008,-0.17143966903455543,2.209381032533293
1589995480.2068233,0.4492736404660531,-3.824417306172399,8.76270810493843,0.1955555555555556,0.6344444444444445,-0.6166666666666667,-0.04656081164764026,-0.18351206751208504,2.5637956378284827
1589995480.2168233,0.04381659346954364,-3.2822278976513273,8.824080580485012,0.1955555555555556,0.6344444444444445,-0.6166666666666667,-0.0648688134443885,-0.20360136806112553,2.757207433369064
1589995480.2268233,0.4485801164033733,-3.9679513006295286,8.602738329967929,0.1955555555555556,0.6344444444444445,-0.6166666666666667,-0.11650648037816905,-0.21930013333839427,2.8996185030549566
1589995480.2368233,0.46938536449083035,-4.285977529883659,8.729776496178484,0.1955555555555556,0.6344444444444445,-0.6166666666666667,-0.11013124318365185,-0.22944010629215886,3.0627177361930795
1589995480.2468233,0.19694124631596804,-3.9283936560439328,8.54937132921994,0.20429703604756086,0.6346477346884446,-0.620529181302669,-0.0903119442793051,-0.23275983160120983,3.2332148761520574
1589995480.2568233,-0.03274269088844735,-3.5110399517456714,8.227002909452171,0.2433333333333333,0.6355555555555555,-0.6377777777777778,-0.07627830862430166,-0.24592939451460083,3.3834301554412565
1589995480.2668233,-0.006701624191792391,-4.054225787099784,9.035564467749461,0.2433333333333333,0.6355555555555555,-0.6377777777777778,-0.12201558041019699,-0.2611809587048712,3.5386225324800913
1589995480.2768233,-0.07944544481849736,-3.8953443461468202,8.636520525065894,0.2433333333333333,0.6355555555555555,-0.6377777777777778,-0.1207943860149181,-0.2712685414131714,3.678404347980425
1589995480.2868233,-0.18521785776085828,-3.753067658764492,8.279202976293476,0.2433333333333333,0.6355555555555555,-0.6377777777777778,-0.12116915865645214,-0.2801696275028981,3.8057903623031484
1589995480.2968233,-0.3121639759174752,-3.7830824097864015,8.352656747325229,0.24950467206094767,0.6317084872578219,-0.637296894240561,-0.11937266160078626,-0.2858084156184777,3.903235913377127
1589995480.3068233,-0.40295197105493413,-4.067409605789013,8.95026083666375,0.3288888888888889,0.5822222222222222,-0.6311111111111111,-0.12086754346405591,-0.30135186414343634,4.068978564470346
1589995480.3168232,-0.49,-4.05,8.84,0.3288888888888889,0.5822222222222222,-0.6311111111111111,-0.11453723216212787,-0.3032509575340148,4.1386119887915545
1589995480.3268232,-0.4683502125670532,-4.194331916219645,8.435870634584992,0.3288888888888889,0.5822222222222222,-0.6311111111111111,-0.14130232067067292,-0.3315904630136507,4.19450379126528
1589995480.3368232,-1.8227341575002434,-0.18247503163632822,4.835164411564294,0.3288888888888889,0.5822222222222222,-0.6311111111111111,-0.5086020131884249,-0.34244696146708997,0.6968360618371687
1589995480.3468232,-2.9332662318699505,-1.5461430935461888,13.025338460040885,0.3288888888888889,0.5822222222222222,-0.6311111111111111,-0.03383909355516024,0.16972691993840194,-1.4061944320730333
1589995480.3568232,-3.5054355608591883,-2.7658233890214796,9.153162291169451,0.4211111111111111,0.5333333333333333,-0.6522222222222223,0.7243519925063547,0.32406330594206323,-0.9517622239482457
1589995480.3668232,-1.0175923857395512,-2.34497207483943,9.786360653448757,0.4211111111111111,0.5333333333333333,-0.6522222222222223,-0.11551081107400278,-0.04458114629287654,-0.11757151460402879
1589995480.3768232,-1.0483679846172336,-4.243039813209264,10.970944426322387,0.4211111111111111,0.5333333333333333,-0.6522222222222223,-0.40590081784250487,-0.1215237966641436,0.2303467288049826
1589995480.3868232,-1.0987741857949767,-4.8551151132247155,9.57397256511065,0.4211111111111111,0.5333333333333333,-0.6522222222222223,-0.19067524313808765,-0.08382004635096105,0.4942729809972606
1589995480.3968232,-0.10286298689749207,-3.839366415683484,8.09839746250074,0.4211111111111111,0.5283444112874361,-0.6534694527336965,0.11797209555868277,-0.038635923812202835,1.0352473696592943
1589995480.4068232,5.019718385012154,-10.097536214699314,8.620602359637163,0.4211111111111111,0.49887252996756765,-0.6608374230636637,-0.0872781252042763,-0.09288708348523164,1.2224138705312437
1589995480.4168231,-0.19999351821032518,-7.721807368218208,9.254009424872555,0.4211111111111111,0.4977777777777778,-0.6611111111111111,-0.09174837963395004,-0.07275963429313906,0.3662520104361345
1589995480.4268231,-2.5806553614911616,-1.3880712296130202,10.326776798696635,0.4211111111111111,0.4977777777777778,-0.6611111111111111,0.1863763209258725,0.12841990415215043,-0.44487824018790134
1589995480.4368231,0.3230543658771087,-4.503255615767853,9.307967397954725,0.4211111111111111,0.4977777777777778,-0.6611111111111111,0.051949612298307093,-0.0004446367759961649,0.05104970788954974
1589995480.4468231,0.32316067591893616,-6.59663085767377,9.255369026188955,0.42803902212415074,0.4977777777777778,-0.6641593919568486,-0.1667626957552626,-0.053494858452970306,0.18777092731331435
1589995480.456823,-0.49161070604100476,-4.30829489611666,8.565650613700258,0.4488888888888889,0.4977777777777778,-0.6733333333333333,0.02970138418820812,0.006594775307139495,-0.011346126127189375
1589995480.466823,-0.3995526400955961,-4.091342079713212,8.35778635266001,0.4488888888888889,0.4977777777777778,-0.6733333333333333,0.04164424180541258,0.007587016082017345,-0.020313094598777767
1589995480.476823,-0.2864102392130561,-4.534872345182205,8.68,0.4488888888888889,0.4977777777777778,-0.6733333333333333,-0.006237318226121698,-0.003188576659526696,0.0010069150945337842
1589995480.486823,-0.29294507852892404,-4.695616873615118,8.66890421840378,0.4488888888888889,0.4977777777777778,-0.6733333333333333,-0.006627180467390603,-0.0002839227744287847,-0.0014942847865302917
1589995480.496823,-0.3338610867232465,-4.555333416948869,8.633833354237217,0.4488888888888889,0.4977777777777778,-0.6733333333333333,-0.003439148950587444,0.002266502439013742,-0.0027694973932515556
1589995480.506823,-0.27176277263220794,-4.5989423364206745,8.660352554526442,0.44222222222222224,0.4844444444444445,-0.6444444444444445,-0.010369899563033235,-0.002181661564992912,-0.002181661564992912
1589995480.516823,-0.316045309037183,-4.567363539358122,8.65549946646967,0.44222222222222224,0.4844444444444445,-0.6444444444444445,0.00450711975123587,-0.0020378649437428663,-0.0020378649437428663
1589995480.526823,-0.29022469835016,-4.550149798900106,8.560823893950587,0.44222222222222224,0.4844444444444445,-0.6444444444444445,0.005445983649911255,-0.0010990010450674813,-0.0010990010450674813
1589995480.536823,-0.29,-4.555719807575152,8.69190660252505,0.44222222222222224,0.4844444444444445,-0.6444444444444445,0.004726230658973416,0.0024936286736395676,-0.00207767252877736
1589995480.546823,-0.29,-4.608585803415751,8.709528601138585,0.44222222222222224,0.4844444444444445,-0.6444444444444445,-0.0020016858288895746,0.0053770214541522775,-0.0011165416019397899
1589995480.556823,-0.30673986590391833,-4.61,8.70163006704804,0.44222222222222224,0.5011843103483627,-0.6463044295448798,-0.002181661564992912,0.0018020817079108884,-0.00017781273135360817
1589995480.566823,-0.31,-4.597057470475144,8.64,0.44222222222222224,0.5044444444444445,-0.6466666666666666,-0.0008977408513459572,0.0007698506040847172,-0.0007698506040847172
1589995480.576823,-0.31,-4.58265792364735,8.64,0.44222222222222224,0.5044444444444445,-0.6466666666666666,0.005385246722157044,-0.0008008962892910329,0.0008008962892910329
1589995480.586823,-0.3133960347616719,-4.483113878334148,8.716698017380835,0.44222222222222224,0.5044444444444445,-0.6466666666666666,0.002191921062213638,0.002732206704851503,-0.004553677841419171
1589995480.596823,-0.2818374026560325,-4.593569090703886,8.700918701328016,0.44222222222222224,0.5044444444444445,-0.6466666666666666,-0.002971848040933217,0.0001503221532780756,-0.00025053692213012485
1589995480.606823,-0.3060542080654588,-4.586576319890902,8.632108416130919,0.43666666666666665,0.5111111111111111,-0.6588888888888889,-0.005540673390823186,-0.00014347304345079288,-0.0023251346084437047
1589995480.616823,-0.28160774173728276,-4.618745807839021,8.58,0.43666666666666665,0.5111111111111111,-0.6588888888888889,0.0012662082002296872,-0.0007400759470299936,-0.0027463600942896744
1589995480.626823,-0.2878392528654309,-4.55783925286543,8.60376821848026,0.43666666666666665,0.5111111111111111,-0.6588888888888889,0.003124465360024517,0.0008551298337385547,-0.00023570094875790125
1589995480.636823,-0.28,-4.555835769653729,8.687665692138507,0.43666666666666665,0.5111111111111111,-0.6588888888888889,0.006163034464307921,0.0,-0.0014727810131672707
1589995480.646823,-0.28,-4.5839605181986425,8.676415792720542,0.43666666666666665,0.5111111111111111,-0.6588888888888889,0.004322273976542095,0.0,-0.003313541500933097
1589995480.656823,-0.3013795966785291,-4.6,8.67,0.4406258512367646,0.501609068142876,-0.6691827687711436,-0.0006144280148937141,0.0007773840724766163,-0.0012537868400793587
1589995480.666823,-0.30941971100562515,-4.615357688045001,8.646518266033752,0.44222222222222224,0.4977777777777778,-0.6733333333333333,-0.0019284627258697095,-0.0010275310727156555,-0.0010275310727156555
1589995480.676823,-0.3006488781079442,-4.545191024863554,8.593893268647665,0.44222222222222224,0.4977777777777778,-0.6733333333333333,0.0018985350792994717,-7.078162142336005e-05,-7.078162142336005e-05
1589995480.686823,-0.29,-4.55,8.692373444656102,0.44222222222222224,0.4977777777777778,-0.6733333333333333,0.003099890581394197,-0.0014360343146867988,-0.0009182290164012845
1589995480.696823,-0.29,-4.55,8.717872775908889,0.44222222222222224,0.4977777777777778,-0.6733333333333333,0.0012455268838199715,-0.005144761709835248,0.0009361346811729402
1589995480.7068229,-0.29839040572688186,-4.583561622907527,8.703219188546235,0.45434169716105155,0.48659057014193535,-0.6630783930004777,-0.0044006769242139155,-0.002708400059127094,-0.0016549230708587301
1589995480.7168229,-0.29895264962148266,-4.583142051135552,8.659526496214827,0.4566666666666666,0.4844444444444445,-0.6611111111111111,-0.005973743678505713,-0.0027012513310163454,-0.0031582441441947635
1589995480.7268229,-0.29146389801456934,-4.6056083059562924,8.584638980145694,0.4566666666666666,0.4844444444444445,-0.6611111111111111,-0.0018892632908602998,0.0013832290566290675,-0.002341348066665681
1589995480.7368228,-0.3,-4.548867172818161,8.616796963091032,0.4566666666666666,0.4844444444444445,-0.6611111111111111,0.004486895406105658,0.0009672585063766214,0.001090830782496456
1589995480.7468228,-0.3,-4.540984928211682,8.66409043072991,0.4566666666666666,0.4844444444444445,-0.6611111111111111,0.005346714911297135,0.00010743900118514484,0.001090830782496456
1589995480.7568228,-0.30950041416442325,-4.549500414164423,8.717502070822118,0.44294384620694416,0.4971116633303422,-0.672722728423184,0.0002724818039731517,0.0010363344217018257,-0.002018172482609021
1589995480.7668228,-0.3,-4.6,8.64796094141212,0.44222222222222224,0.4977777777777778,-0.6733333333333333,-0.0011742408278080276,0.0031612789537406056,0.0
1589995480.7768228,-0.3,-4.597937790115591,8.575499226358424,0.44222222222222224,0.4977777777777778,-0.6733333333333333,-0.003913418725609498,-0.0010158467151004016,-7.498406739605429e-05
1589995480.7868228,-0.30014476027641235,-4.5701447602764125,8.650723801382062,0.44222222222222224,0.4977777777777778,-0.6733333333333333,0.0021658706684335844,1.5790896559327484e-05,-0.0011066216790557835
1589995480.7968228,-0.30612082353779296,-4.576120823537793,8.680604117688965,0.44222222222222224,0.4977777777777778,-0.6733333333333333,0.001513983292067568,0.0006676782729253438,-0.0017585090554217996
1589995480.8068228,-0.31,-4.561632067229687,8.712245288513541,0.44630398506006946,0.4930157211336227,-0.664489513851331,-0.00024492298261569135,-0.0009127998651717653,-0.0015137846824368382
1589995480.8168228,-0.29767101726517664,-4.578835508632588,8.668355086325883,0.4488888888888889,0.49,-0.6588888888888889,-0.0033995186504417727,-0.0009638044795440512,0.001090830782496456
1589995480.8268228,-0.2834509299481254,-4.574601239930834,8.584601239930834,0.4488888888888889,0.49,-0.6588888888888889,-0.0038614057145652876,0.00037643806156540223,0.0007143927209310537
1589995480.8368227,-0.30998481717346377,-4.609979756231286,8.619979756231285,0.4488888888888889,0.49,-0.6588888888888889,-2.208252606800132e-06,0.0032708361580342685,-0.0021800053755378123
1589995480.8468227,-0.28427914016321354,-4.549984660380832,8.680015339619167,0.4488888888888889,0.49,-0.6588888888888889,0.0018704737108162287,0.004207729202897482,-0.0012464247095847975
1589995480.8568227,-0.30632117722328855,-4.553160588611644,8.71632117722329,0.45400689557119495,0.49,-0.664006895571195,0.0050528565996636856,0.0007743293366473565,-0.001090830782496456
1589995480.8668227,-0.28321999148969096,-4.569195002127578,8.674829987234537,0.4566666666666666,0.49,-0.6666666666666666,0.0015298890120378902,-8.781164590828685e-05,-0.003096869055672794
1589995480.8768227,-0.293585304341899,-4.590377956512849,8.602073478290505,0.4566666666666666,0.49,-0.6666666666666666,-0.0026139862589350865,0.0,-0.00030863871434413416
1589995480.8868227,-0.3,-4.565316332270767,8.62202550159385,0.4566666666666666,0.49,-0.6666666666666666,-0.0034174728197626644,-0.00283755093066948,0.002036681092719616
1589995480.8968227,-0.30693623554913296,-4.56,8.657744942196532,0.4566666666666666,0.49,-0.6666666666666666,0.0012672632034948887,-0.0010026145719972397,0.001425035639828869
1589995480.9068227,-0.31,-4.55111561577581,8.705537536896761,0.43889789821828656,0.49,-0.6538336672317255,0.0013342203884348877,0.0,0.001090830782496456
1589995480.9168227,-0.2903277767372167,-4.5604916651058245,8.688197227945308,0.43666666666666665,0.49,-0.6522222222222223,-1.78774477371118e-05,0.0010729533347593441,0.0010550758870222323
1589995480.9268227,-0.30996769057876006,-4.58995153586814,8.580177701816819,0.43666666666666665,0.49,-0.6522222222222223,-0.0010890685769337977,1.7622055626582457e-06,-0.0010873063713711395
1589995480.9368227,-0.3,-4.619702129797067,8.620695030473511,0.43666666666666665,0.49,-0.6522222222222223,-0.003239999748834536,0.0021599998325563573,-0.0010799999162781787
1589995480.9468226,-0.3,-4.598633715089411,8.669854664791373,0.43666666666666665,0.49,-0.6522222222222223,-0.0009417922186833981,0.000627861479122265,-0.0003139307395611325
1589995480.9568226,-0.3,-4.563489094349052,8.716510905650948,0.43077535429978936,0.48509057302760233,-0.6708780447173336,0.0019279274637275384,0.002891891195591308,-0.0019279274637275384
1589995480.9668226,-0.31,-4.5601893013877355,8.71867489028585,0.43,0.4844444444444445,-0.6733333333333333,0.005371555600117704,-0.00217133677594734,-2.064957809114392e-05
1589995480.9768226,-0.30995685179630356,-4.58012944461109,8.580215741018483,0.43,0.4844444444444445,-0.6733333333333333,-0.003272492347489368,-0.0010814173047361552,-0.002172248087232611
1589995480.9868226,-0.30027896352015504,-4.609163109439535,8.628605182399225,0.43,0.4844444444444445,-0.6733333333333333,-0.003272492347489368,0.0010299703835007148,-6.0860398995741215e-05
1589995480.9968226,-0.2667443616695581,-4.585058271252168,8.646627819165221,0.43,0.4844444444444445,-0.6733333333333333,-0.0005517717988082391,-0.0034437034653054255,0.0009069068495603762
1589995481.0068226,-0.28421249371001367,-4.567893753144993,8.674212493710014,0.44143367758528423,0.48780729079305746,-0.6645899328269395,0.0026411733459884715,-0.0017221497839973524,0.0004305374459993381
1589995481.0168226,-0.3,-4.56,8.69,0.4488888888888889,0.49,-0.6588888888888889,-0.0007498821871227985,0.0,-0.0008522008861847703
1589995481.0268226,-0.3,-4.56,8.640142482382593,0.4488888888888889,0.49,-0.6588888888888889,-0.0008220086910947523,-0.0006798264369490798,0.00026882209140170364
1589995481.0368226,-0.30701320595672943,-4.574026411913459,8.60298679404327,0.4488888888888889,0.49,-0.6588888888888889,-0.0015300441883175915,0.0019692575941387272,-0.0019692575941387272
1589995481.0468225,-0.294594227269586,-4.603108659095621,8.65392020455645,0.4488888888888889,0.49,-0.6588888888888889,-0.0005011524527449105,0.0007517286791173662,-0.0015919832352413665
1589995481.0568225,-0.303576949210124,-4.582846101579753,8.697153898420249,0.45416881358171485,0.495279924692826,-0.6641688135817149,0.0007405077065397103,-0.002221523119619131,-0.0003503230759567457
1589995481.0668225,-0.30317017266846635,-4.556340345336933,8.716829827331534,0.4566666666666666,0.4977777777777778,-0.6666666666666666,0.0025808679609709614,-0.0025274737582521153,0.0
1589995481.0768225,-0.29000880728972595,-4.569982385420548,8.620088072897259,0.4566666666666666,0.4977777777777778,-0.6666666666666666,0.0010927522350451437,0.002177818659895536,-0.002179740112444224
1589995481.0868225,-0.28296021362712664,-4.57,8.64111935911862,0.4566666666666666,0.4977777777777778,-0.6666666666666666,-0.0012129339208223533,0.0006458184294470396,-0.002181661564992912
1589995481.0968225,-0.29355349329766184,-4.57,8.663553493297663,0.4566666666666666,0.4977777777777778,-0.6666666666666666,-0.0029208899499653593,-0.0007392283849724471,-0.0007032047950480177
1589995481.1068225,-0.2936819883527454,-4.57,8.682636023294508,0.44754064984285447,0.492863768718802,-0.6575406498428545,-0.002583304188589725,-0.0024692071002957424,0.0006891881588996432
1589995481.1168225,-0.2995268039616412,-4.57,8.670946392076717,0.44222222222222224,0.49,-0.6522222222222223,0.0019751908430740736,0.00296278626461111,-0.0009875954215370368
1589995481.1268225,-0.3,-4.551234482599783,8.594937930399134,0.44222222222222224,0.49,-0.6522222222222223,0.00013466116203000996,0.0012254919445264657,-0.0031378311854593586
1589995481.1368225,-0.29074662393061673,-4.5777601282081495,8.617760128208149,0.44222222222222224,0.49,-0.6522222222222223,-0.0020187734916998585,-0.0009279427092034026,-0.0002443321099395803
1589995481.1468225,-0.30488169484369904,-4.587440847421849,8.657204237109248,0.44222222222222224,0.49,-0.6522222222222223,-0.002181661564992912,-0.00027916024093517175,-0.0024350116246838523
1589995481.1568224,-0.30102441014056225,-4.581024410140563,8.696926769578313,0.44222222222222224,0.49698101433511827,-0.645241207887104,-0.001202576594019138,0.000979084970973774,-0.0022934073765155942
1589995481.1668224,-0.3080718742826137,-4.5557843771521584,8.724215622847842,0.44222222222222224,0.4977777777777778,-0.6444444444444445,0.001550683899478496,0.001090830782496456,0.00045985311698204
1589995481.1768224,-0.31,-4.5671081816279555,8.627350910232266,0.44222222222222224,0.4977777777777778,-0.6444444444444445,0.004047874680224346,0.002023937340112173,-0.0007753823327349783
1589995481.1868224,-0.28815318468153184,-4.57,8.668258174182581,0.44222222222222224,0.4977777777777778,-0.6444444444444445,0.0011858326434658006,-0.0009958289215271114,-0.00029645816086645014
1589995481.1968224,-0.289003953698852,-4.57,8.685498023150574,0.44222222222222224,0.4977777777777778,-0.6444444444444445,-0.0004910894929440292,-0.0007083930861608242,0.0
1589995481.2068224,-0.2971522534443839,-4.567152253444384,8.682847746555616,0.4406401408024355,0.5031568546050527,-0.6485578561358899,-0.002333394623942174,0.0007801898221350265,-0.0006212819207228589
1589995481.2168224,-0.29,-4.567136454484889,8.718545817939555,0.43666666666666665,0.5166666666666667,-0.6588888888888889,-0.000783355374481284,-0.0007784664230001659,-0.001403195141992746
1589995481.2268224,-0.3048004555808656,-4.57,8.641197266514807,0.43666666666666665,0.5166666666666667,-0.6588888888888889,0.003512549663883406,-0.0002835911553674727,0.0005236484717615105
1589995481.2368224,-0.31,-4.5754435232236785,8.637217616118392,0.43666666666666665,0.5166666666666667,-0.6588888888888889,0.001394341781174484,-0.0005937962697622679,0.0022784233220209922
1589995481.2468224,-0.30455638598239493,-4.574556385982395,8.67088722803521,0.43666666666666665,0.5166666666666667,-0.6588888888888889,-0.0004970246086531768,-0.0004970246086531768,0.0014910738259595305
1589995481.2568223,-0.29455936777178104,-4.57,8.685440632228218,0.43968924012678834,0.4991357405979612,-0.6667475798852052,0.0,0.0011869618221567065,0.0011869618221567065
1589995481.2668223,-0.29704072990452723,-4.584081459809054,8.654796350477364,0.44222222222222224,0.4844444444444445,-0.6733333333333333,0.0023040734733304996,0.0006456125827725792,0.002181661564992912
1589995481.2768223,-0.29142485230800036,-4.564274556924,8.597124261540001,0.44222222222222224,0.4844444444444445,-0.6733333333333333,0.003272492347489368,0.0,-0.0006245489550730688
1589995481.2868223,-0.2991014310820989,-4.596405724328395,8.635507155410496,0.44222222222222224,0.4844444444444445,-0.6733333333333333,0.0012868681096646615,0.001985624237824706,-0.001090830782496456
1589995481.2968223,-0.3,-4.5734362720490225,8.659922795963233,0.44222222222222224,0.4844444444444445,-0.6733333333333333,0.0018152440861661412,0.001457248261323227,0.0018068224321822846
1589995481.3068223,-0.3,-4.583843007264264,8.677947669088088,0.4378068505066178,0.4950413365618952,-0.6565549208140364,-0.003020075689236256,-0.0006430816355799335,0.0015385799294129784
1589995481.3168223,-0.29235411154619534,-4.582354111546195,8.687645888453805,0.43666666666666665,0.4977777777777778,-0.6522222222222223,-0.0026952490329969583,0.0005772433144924096,0.0002567937340020232
1589995481.3268223,-0.2810728457639392,-4.57107284576394,8.627509920347574,0.43666666666666665,0.4977777777777778,-0.6522222222222223,-0.0012078601009140337,0.00011702931841757773,0.0
1589995481.3368223,-0.30641605452828885,-4.56119464849057,8.62880535150943,0.43666666666666665,0.4977777777777778,-0.6522222222222223,0.000830198912941036,-0.000960514847718746,0.000960514847718746
1589995481.3468223,-0.31,-4.566876520112254,8.664382600561272,0.43666666666666665,0.4977777777777778,-0.6522222222222223,0.0018409427639867692,-0.00034071880100614287,0.001090830782496456
1589995481.3568223,-0.30461249573233184,-4.580775008535336,8.68,0.43965972459314895,0.5013694472895566,-0.6480319411251471,0.0015939760153925678,-0.001763056648801032,0.000503145232896112
1589995481.3668222,-0.3,-4.579709150740412,8.643982027591443,0.44222222222222224,0.5044444444444445,-0.6444444444444445,-3.172673254242314e-05,-0.0015886560749310491,0.0
1589995481.3768222,-0.28340582175138496,-4.5755313927495385,8.61,0.44222222222222224,0.5044444444444445,-0.6444444444444445,0.00011593191375837051,-0.00181014404438224,0.0006033813481274132
1589995481.3868222,-0.27916206333151794,-4.575418968334241,8.632905158328795,0.44222222222222224,0.5044444444444445,-0.6444444444444445,0.0005911177468363662,-0.001773353240509099,0.001090830782496456
1589995481.3968222,-0.2991453990518865,-4.579145399051886,8.66,0.44222222222222224,0.5044444444444445,-0.6444444444444445,0.0,0.0009976082804011683,0.001090830782496456
1589995481.4068222,-0.30065370010188014,-4.58532685005094,8.67401944984718,0.44533765552159554,0.5013290111450712,-0.6620985664742264,-0.0005097615815656311,0.0011621384018616497,7.130761936519374e-05
1589995481.4168222,-0.2992513856731916,-4.584625692836596,8.676122921490212,0.4488888888888889,0.4977777777777778,-0.6822222222222222,-0.0026045852234560718,0.0015137544409596158,-8.166115519004551e-05
1589995481.4268222,-0.2999662690560989,-4.579966269056099,8.609831345280496,0.4488888888888889,0.4977777777777778,-0.6822222222222222,-0.0038160680011410965,0.0021779820897999133,-0.0005509346040377264
1589995481.4368222,-0.3019854618567065,-4.581985461856706,8.619927309283533,0.4488888888888889,0.4977777777777778,-0.6822222222222222,0.0013034464100170314,0.0030519473928563414,-0.000874250491419655
1589995481.4468222,-0.29716196438734854,-4.577161964387349,8.679257053418977,0.4488888888888889,0.4977777777777778,-0.6822222222222222,0.002962910686679231,0.002962910686679231,0.0014004124433065932
1589995481.4568222,-0.29,-4.577312571394216,8.697312571394216,0.4440138412927447,0.502652825373922,-0.6497219049145941,0.0029793393625943305,0.002181661564992912,-0.00021137182781134347
1589995481.4668221,-0.29565798045602604,-4.58,8.705657980456026,0.44222222222222224,0.5044444444444445,-0.6377777777777778,0.002038112497850056,-0.0002870981342857123,-0.0004736408576767999
1589995481.4768221,-0.3059205415998575,-4.58,8.644874042401568,0.44222222222222224,0.5044444444444445,-0.6377777777777778,0.001090830782496456,0.00040166204547722713,0.0
1589995481.4868221,-0.29531400500866883,-4.572657002504335,8.622028992486998,0.44222222222222224,0.5044444444444445,-0.6377777777777778,0.001090830782496456,0.0005796680241796329,0.001601993540813279
1589995481.496822,-0.283661252614741,-4.557322505229482,8.655354989541037,0.44222222222222224,0.5044444444444445,-0.6377777777777778,-0.0009835194485963803,0.0020743502310928363,0.000798761410931021
