time,acc raw,,,,,,mag raw,,,,,,gyr raw,,,,,,orientation fusion,,,,,,quaternion fusion,,,,,,,,IR on A0,IR on A1,IR on A2
1589988347.2309847,131,254,178,255,127,3,12,1,175,254,224,253,250,255,2,0,1,0,137,11,143,254,92,0,127,2,16,243,121,253,148,62,0.2023,0.1476,0.435
1589988347.2369418,131,254,178,255,129,3,12,1,175,254,224,253,251,255,6,0,2,0,137,11,143,254,92,0,127,2,16,243,121,253,148,62,0.2023,0.1476,0.435
1589988347.250516,130,254,177,255,117,3,12,1,175,254,224,253,248,255,13,0,0,0,137,11,143,254,92,0,127,2,15,243,121,253,148,62,0.1672,0.1466,0.4692
1589988347.2562718,128,254,175,255,129,3,12,1,175,254,224,253,247,255,11,0,255,255,137,11,143,254,92,0,127,2,14,243,121,253,148,62,0.1672,0.1466,0.4692
1589988347.2714329,128,254,177,255,131,3,12,1,175,254,224,253,1,0,5,0,0,0,137,11,143,254,92,0,127,2,14,243,121,253,148,62,0.1848,0.1486,0.435
1589988347.278171,131,254,175,255,133,3,6,1,164,254,212,253,4,0,255,255,0,0,137,11,143,254,92,0,127,2,14,243,121,253,148,62,0.1848,0.1486,0.435
1589988347.2890122,129,254,179,255,130,3,6,1,164,254,212,253,1,0,255,255,255,255,137,11,143,254,92,0,127,2,14,243,121,253,148,62,0.1789,0.1447,0.4653
1589988347.2960942,132,254,178,255,119,3,6,1,164,254,212,253,2,0,255,255,0,0,137,11,143,254,92,0,127,2,14,243,121,253,148,62,0.1789,0.1447,0.4653
1589988347.3093824,131,254,178,255,121,3,6,1,164,254,212,253,253,255,2,0,0,0,137,11,143,254,92,0,127,2,14,243,121,253,148,62,0.1945,0.1525,0.4321
1589988347.3213384,130,254,175,255,126,3,6,1,164,254,212,253,253,255,3,0,255,255,137,11,143,254,92,0,127,2,14,243,121,253,148,62,0.1906,0.1525,0.4321
1589988347.3276465,130,254,178,255,128,3,12,1,164,254,231,253,253,255,5,0,255,255,137,11,143,254,92,0,127,2,14,243,121,253,148,62,0.1906,0.1515,0.4321
1589988347.3357277,129,254,177,255,129,3,12,1,164,254,231,253,252,255,9,0,0,0,137,11,143,254,92,0,127,2,14,243,121,253,148,62,0.1906,0.1515,0.4682
1589988347.3455727,129,254,173,255,119,3,12,1,164,254,231,253,255,255,10,0,253,255,137,11,143,254,92,0,127,2,13,243,121,253,147,62,0.1857,0.1525,0.4682
1589988347.3571324,130,254,179,255,125,3,12,1,164,254,231,253,1,0,11,0,0,0,137,11,143,254,92,0,127,2,12,243,121,253,147,62,0.1857,0.1525,0.435
1589988347.3684525,130,254,178,255,130,3,12,1,164,254,231,253,2,0,10,0,254,255,137,11,142,254,92,0,127,2,11,243,121,253,147,62,0.1828,0.1515,0.5347
1589988347.3759787,131,254,178,255,130,3,12,1,175,254,212,253,2,0,11,0,254,255,137,11,142,254,92,0,127,2,10,243,121,253,147,62,0.1828,0.1515,0.5347
1589988347.387996,129,254,179,255,131,3,12,1,175,254,212,253,5,0,9,0,0,0,137,11,142,254,92,0,127,2,10,243,121,253,147,62,0.1632,0.1398,0.436
1589988347.40184,130,254,177,255,121,3,12,1,175,254,212,253,2,0,16,0,253,255,137,11,142,254,92,0,128,2,9,243,121,253,146,62,0.1623,0.1369,0.5357
1589988347.4090471,128,254,177,255,124,3,12,1,175,254,212,253,250,255,15,0,0,0,137,11,142,254,92,0,128,2,8,243,121,253,146,62,0.1623,0.1369,0.5357
1589988347.422446,127,254,176,255,126,3,12,1,175,254,212,253,249,255,15,0,255,255,137,11,142,254,92,0,128,2,6,243,121,253,146,62,0.1593,0.1447,0.436
1589988347.4286582,127,254,181,255,128,3,6,1,164,254,244,253,249,255,10,0,254,255,137,11,142,254,92,0,128,2,5,243,121,253,146,62,0.1593,0.1447,0.436
1589988347.4391043,129,254,178,255,127,3,6,1,164,254,244,253,251,255,255,255,253,255,137,11,142,254,92,0,128,2,5,243,121,253,146,62,0.1593,0.1437,0.436
1589988347.446504,130,254,178,255,117,3,6,1,164,254,244,253,254,255,250,255,254,255,137,11,142,254,92,0,128,2,5,243,121,253,146,62,0.1593,0.1437,0.4702
1589988347.4604702,129,254,178,255,118,3,6,1,164,254,244,253,0,0,253,255,252,255,137,11,142,254,92,0,128,2,5,243,121,253,146,62,0.1535,0.1437,0.435
1589988347.4694552,130,254,175,255,128,3,6,1,164,254,244,253,2,0,251,255,255,255,137,11,142,254,92,0,128,2,5,243,121,253,146,62,0.1535,0.1437,0.435
1589988347.4806013,129,254,176,255,133,3,17,1,175,254,237,253,3,0,252,255,253,255,137,11,142,254,92,0,128,2,5,243,121,253,146,62,0.1632,0.1642,0.4702
1589988347.4867206,131,254,178,255,133,3,17,1,175,254,237,253,1,0,254,255,255,255,137,11,142,254,92,0,128,2,5,243,121,253,146,62,0.1632,0.1642,0.4702
1589988347.4962647,130,254,178,255,125,3,17,1,175,254,237,253,1,0,2,0,0,0,137,11,142,254,92,0,128,2,5,243,121,253,146,62,0.1241,0.1652,0.4702
1589988347.5071468,129,254,179,255,129,3,17,1,175,254,237,253,255,255,255,255,255,255,137,11,142,254,92,0,128,2,5,243,121,253,146,62,0.1241,0.1652,0.436
1589988347.5196497,131,254,178,255,128,3,17,1,175,254,237,253,249,255,0,0,1,0,137,11,142,254,92,0,128,2,5,243,121,253,146,62,0.1163,0.1584,0.4721
1589988347.5266159,130,254,179,255,126,3,24,1,170,254,231,253,251,255,0,0,255,255,137,11,142,254,92,0,128,2,5,243,121,253,146,62,0.1163,0.1584,0.4721
1589988347.5375497,129,254,176,255,119,3,24,1,170,254,231,253,253,255,0,0,254,255,137,11,142,254,92,0,128,2,5,243,121,253,146,62,0.1564,0.1584,0.437
1589988347.5466619,128,254,175,255,108,3,24,1,170,254,231,253,255,255,1,0,1,0,137,11,142,254,92,0,128,2,5,243,121,253,146,62,0.1564,0.1584,0.437
1589988347.558809,128,254,179,255,114,3,24,1,170,254,231,253,0,0,6,0,254,255,137,11,142,254,92,0,128,2,5,243,121,253,146,62,0.1525,0.1515,0.4741
1589988347.5738962,132,254,178,255,127,3,24,1,170,254,231,253,2,0,8,0,3,0,137,11,142,254,92,0,128,2,5,243,121,253,146,62,0.1251,0.1515,0.437
1589988347.5799942,131,254,176,255,129,3,12,1,170,254,218,253,4,0,17,0,3,0,137,11,142,254,92,0,128,2,4,243,122,253,145,62,0.1251,0.1515,0.437
1589988347.5919,138,254,172,255,128,3,12,1,170,254,218,253,4,0,25,0,1,0,137,11,141,254,92,0,128,2,2,243,122,253,145,62,0.1916,0.2141,0.4761
1589988347.5979862,141,254,168,255,121,3,12,1,170,254,218,253,254,255,34,0,250,255,137,11,141,254,92,0,128,2,255,242,122,253,144,62,0.1916,0.2141,0.4761
1589988347.6113343,123,254,185,255,132,3,12,1,170,254,218,253,247,255,44,0,241,255,137,11,141,254,93,0,129,2,251,242,122,253,144,62,0.1564,0.1584,0.436
1589988347.6192734,114,254,187,255,129,3,12,1,170,254,218,253,242,255,51,0,235,255,137,11,140,254,93,0,131,2,247,242,120,253,143,62,0.1564,0.1584,0.436
1589988347.6314385,111,254,182,255,133,3,24,1,170,254,231,253,239,255,42,0,237,255,137,11,140,254,93,0,133,2,243,242,119,253,142,62,0.1769,0.1965,0.478
1589988347.6372375,120,254,179,255,127,3,24,1,170,254,231,253,241,255,16,0,250,255,137,11,140,254,93,0,132,2,242,242,117,253,141,62,0.1769,0.1965,0.478
1589988347.6480916,127,254,174,255,110,3,24,1,170,254,231,253,248,255,255,255,254,255,137,11,140,254,93,0,132,2,242,242,117,253,141,62,0.1711,0.2023,0.478
1589988347.6570926,127,254,176,255,116,3,24,1,170,254,231,253,248,255,253,255,0,0,137,11,140,254,93,0,132,2,242,242,117,253,141,62,0.1711,0.2023,0.436
1589988347.6708877,128,254,176,255,125,3,24,1,170,254,231,253,251,255,253,255,0,0,137,11,140,254,93,0,132,2,242,242,117,253,141,62,0.1848,0.1505,0.4809
1589988347.67724,128,254,176,255,131,3,6,1,164,254,212,253,2,0,253,255,252,255,137,11,140,254,93,0,132,2,242,242,117,253,141,62,0.1848,0.1505,0.4809
1589988347.690713,127,254,177,255,130,3,6,1,164,254,212,253,1,0,255,255,255,255,137,11,140,254,93,0,132,2,242,242,117,253,141,62,0.1828,0.1525,0.5005
1589988347.6979868,126,254,176,255,124,3,6,1,164,254,212,253,2,0,253,255,1,0,137,11,140,254,93,0,132,2,242,242,117,253,141,62,0.1828,0.1525,0.5005
1589988347.710094,127,254,179,255,126,3,6,1,164,254,212,253,254,255,253,255,255,255,137,11,140,254,93,0,132,2,242,242,117,253,141,62,0.1799,0.1623,0.5181
1589988347.725409,125,254,176,255,127,3,6,1,164,254,212,253,253,255,251,255,1,0,137,11,140,254,93,0,132,2,242,242,117,253,141,62,0.1789,0.1564,0.5386
1589988347.7313912,127,254,174,255,129,3,24,1,170,254,212,253,248,255,254,255,255,255,137,11,140,254,93,0,132,2,242,242,117,253,141,62,0.1789,0.1564,0.5386
1589988347.7432973,127,254,176,255,128,3,24,1,170,254,212,253,245,255,251,255,0,0,137,11,140,254,93,0,132,2,242,242,116,253,141,62,0.172,0.1564,0.5093
1589988347.7494402,128,254,175,255,113,3,24,1,170,254,212,253,248,255,251,255,4,0,137,11,140,254,93,0,132,2,242,242,116,253,141,62,0.172,0.1564,0.5093
1589988347.7627904,132,254,177,255,117,3,24,1,170,254,212,253,251,255,252,255,11,0,137,11,140,254,93,0,131,2,242,242,117,253,141,62,0.172,0.1457,0.4731
1589988347.7703435,133,254,178,255,119,3,24,1,170,254,212,253,253,255,255,255,12,0,137,11,140,254,93,0,130,2,242,242,117,253,141,62,0.172,0.1457,0.4731
1589988347.7828674,131,254,178,255,121,3,17,1,164,254,224,253,252,255,8,0,8,0,137,11,140,254,93,0,130,2,242,242,117,253,141,62,0.175,0.131,0.4731
1589988347.7886157,119,254,177,255,130,3,17,1,164,254,224,253,249,255,26,0,7,0,137,11,139,254,93,0,130,2,240,242,117,253,141,62,0.175,0.131,0.4868
1589988347.7990327,114,254,176,255,124,3,17,1,164,254,224,253,248,255,26,0,5,0,137,11,139,254,93,0,130,2,237,242,117,253,140,62,0.175,0.131,0.4868
1589988347.8089077,116,254,178,255,123,3,17,1,164,254,224,253,250,255,8,0,14,0,137,11,139,254,93,0,129,2,237,242,117,253,141,62,0.175,0.1632,0.4321
1589988347.8200758,117,254,179,255,133,3,17,1,164,254,224,253,249,255,5,0,43,0,136,11,139,254,93,0,125,2,237,242,118,253,141,62,0.173,0.1251,0.4321
1589988347.8274047,116,254,180,255,130,3,17,1,146,254,231,253,245,255,3,0,84,0,136,11,139,254,93,0,118,2,237,242,119,253,141,62,0.173,0.1251,0.4379
1589988347.842345,120,254,178,255,129,3,17,1,146,254,231,253,241,255,254,255,126,0,134,11,139,254,92,0,107,2,236,242,120,253,141,62,0.172,0.131,0.436
1589988347.8485188,131,254,176,255,116,3,17,1,146,254,231,253,239,255,246,255,150,0,133,11,139,254,92,0,94,2,237,242,121,253,142,62,0.172,0.131,0.436
1589988347.857735,153,254,170,255,127,3,17,1,146,254,231,253,245,255,244,255,156,0,131,11,139,254,91,0,81,2,237,242,122,253,143,62,0.1681,0.1457,0.436
1589988347.869418,168,254,181,255,111,3,17,1,146,254,231,253,243,255,255,255,145,0,130,11,139,254,91,0,68,2,237,242,124,253,143,62,0.1681,0.1457,0.435
1589988347.8803422,139,254,189,255,114,3,6,1,175,254,237,253,12,0,35,0,74,0,129,11,138,254,90,0,62,2,233,242,126,253,143,62,0.1681,0.1457,0.436
1589988347.8882923,141,254,166,255,155,3,6,1,175,254,237,253,232,255,13,0,225,255,129,11,138,254,91,0,64,2,232,242,124,253,142,62,0.1681,0.1457,0.436
1589988347.8997073,119,254,174,255,135,3,6,1,175,254,237,253,254,255,26,0,191,255,130,11,138,254,91,0,70,2,230,242,123,253,142,62,0.1681,0.1623,0.436
1589988347.9136815,118,254,184,255,128,3,6,1,175,254,237,253,245,255,7,0,183,255,131,11,138,254,92,0,76,2,231,242,120,253,141,62,0.1681,0.1623,0.436
1589988347.9197724,131,254,195,255,123,3,6,1,175,254,237,253,252,255,7,0,205,255,131,11,138,254,92,0,80,2,231,242,120,253,141,62,0.1681,0.1623,0.436
1589988347.9272804,175,254,224,255,120,3,0,1,170,254,244,253,239,255,3,0,233,255,132,11,138,254,92,0,82,2,231,242,118,253,141,62,0.1681,0.1623,0.436
1589988347.9394796,195,254,234,255,120,3,0,1,170,254,244,253,224,255,18,0,251,255,131,11,138,254,92,0,82,2,229,242,115,253,141,62,0.1642,0.1554,0.4379
1589988347.9505074,209,254,250,255,117,3,0,1,170,254,244,253,213,255,28,0,246,255,131,11,138,254,93,0,82,2,227,242,111,253,140,62,0.1642,0.1554,0.4379
1589988347.9582837,217,254,4,0,124,3,0,1,170,254,244,253,212,255,31,0,221,255,132,11,137,254,93,0,84,2,224,242,107,253,139,62,0.1642,0.1544,0.436
1589988347.9742918,27,255,177,255,118,3,0,1,170,254,244,253,223,255,23,0,192,255,132,11,137,254,94,0,89,2,222,242,103,253,138,62,0.1613,0.1378,0.434
1589988347.979732,254,254,183,255,126,3,24,1,157,254,237,253,250,255,60,0,153,255,133,11,137,254,94,0,98,2,217,242,101,253,137,62,0.1613,0.1378,0.434
1589988347.992329,243,254,173,255,165,3,24,1,157,254,237,253,229,255,54,0,40,255,135,11,136,254,96,0,116,2,213,242,95,253,135,62,0.1642,0.1369,0.436
1589988347.9987981,239,254,165,255,126,3,24,1,157,254,237,253,12,0,39,0,200,254,138,11,136,254,97,0,143,2,211,242,91,253,133,62,0.1642,0.1369,0.436
1589988348.0081542,245,254,134,255,146,3,24,1,157,254,237,253,15,0,39,0,144,254,142,11,136,254,98,0,174,2,209,242,86,253,131,62,0.1593,0.1369,0.436
1589988348.0144722,245,254,134,255,146,3,24,1,157,254,237,253,15,0,39,0,144,254,142,11,136,254,98,0,174,2,209,242,86,253,131,62,0.1593,0.1632,0.436
1589988348.0219822,31,255,91,255,134,3,24,1,157,254,237,253,6,0,46,0,132,254,146,11,136,254,100,0,207,2,207,242,79,253,129,62,0.1593,0.1632,0.5024
1589988348.0327353,55,255,125,255,96,3,30,1,157,254,237,253,54,0,72,0,168,254,149,11,136,254,101,0,237,2,202,242,78,253,127,62,0.1632,0.1378,0.4409
1589988348.0385592,45,255,151,255,103,3,30,1,157,254,237,253,46,0,65,0,203,254,152,11,136,254,102,0,8,3,198,242,77,253,125,62,0.1632,0.1378,0.4409
1589988348.0486994,37,255,150,255,117,3,30,1,157,254,237,253,250,255,10,0,227,254,155,11,136,254,103,0,32,3,198,242,72,253,123,62,0.1603,0.1378,0.4409
1589988348.0588975,32,255,155,255,116,3,30,1,157,254,237,253,9,0,21,0,59,255,157,11,136,254,104,0,49,3,197,242,68,253,122,62,0.1603,0.1584,0.5044
1589988348.0706866,22,255,161,255,119,3,30,1,157,254,237,253,9,0,17,0,94,255,159,11,136,254,104,0,63,3,196,242,65,253,121,62,0.1593,0.1359,0.4389
1589988348.0778754,17,255,160,255,130,3,6,1,175,254,237,253,3,0,6,0,125,255,160,11,136,254,105,0,74,3,197,242,63,253,120,62,0.1593,0.1359,0.4389
1589988348.0883346,17,255,160,255,130,3,6,1,175,254,237,253,3,0,6,0,125,255,160,11,136,254,105,0,74,3,197,242,63,253,120,62,0.1564,0.1515,0.4526
1589988348.0939927,13,255,157,255,137,3,6,1,175,254,237,253,14,0,7,0,152,255,161,11,136,254,105,0,83,3,197,242,62,253,120,62,0.1564,0.1515,0.4526
1589988348.1067538,7,255,159,255,129,3,6,1,175,254,237,253,19,0,11,0,179,255,162,11,140,254,105,0,92,3,232,242,61,253,127,62,0.1848,0.1369,0.4418
1589988348.1124897,13,255,156,255,130,3,6,1,175,254,237,253,13,0,11,0,197,255,163,11,144,254,105,0,100,3,10,243,60,253,133,62,0.1848,0.1369,0.4418
1589988348.1222417,13,255,160,255,127,3,6,1,175,254,237,253,4,0,12,0,216,255,163,11,148,254,105,0,105,3,42,243,58,253,140,62,0.1789,0.1369,0.4418
1589988348.1287599,14,255,159,255,119,3,36,1,175,254,224,253,1,0,9,0,225,255,164,11,152,254,105,0,110,3,74,243,57,253,146,62,0.1789,0.1945,0.4536
1589988348.134331,14,255,159,255,119,3,36,1,175,254,224,253,1,0,9,0,225,255,164,11,152,254,105,0,110,3,74,243,57,253,146,62,0.1789,0.1945,0.4536
1589988348.141406,15,255,161,255,114,3,36,1,175,254,224,253,250,255,4,0,234,255,164,11,155,254,105,0,114,3,105,243,55,253,152,62,0.216,0.1945,0.4536
1589988348.149656,10,255,162,255,108,3,36,1,175,254,224,253,245,255,2,0,235,255,165,11,158,254,105,0,117,3,134,243,54,253,157,62,0.216,0.1466,0.4428
1589988348.1643982,11,255,163,255,119,3,36,1,175,254,224,253,245,255,0,0,233,255,165,11,162,254,105,0,120,3,163,243,52,253,163,62,0.176,0.2336,0.4467
1589988348.1714082,13,255,165,255,124,3,36,1,175,254,224,253,254,255,253,255,226,255,165,11,165,254,105,0,124,3,191,243,52,253,168,62,0.176,0.2336,0.4467
1589988348.179685,5,255,165,255,123,3,41,1,170,254,224,253,4,0,6,0,215,255,166,11,168,254,105,0,129,3,216,243,51,253,173,62,0.1701,0.2336,0.4467
1589988348.1907573,5,255,166,255,123,3,41,1,170,254,224,253,12,0,2,0,201,255,167,11,170,254,104,0,135,3,239,243,52,253,177,62,0.1701,0.1662,0.4428
1589988348.2000725,3,255,164,255,121,3,41,1,170,254,224,253,9,0,3,0,179,255,167,11,173,254,104,0,143,3,4,244,52,253,180,62,0.1349,0.175,0.4428
1589988348.2101884,1,255,165,255,125,3,41,1,170,254,224,253,12,0,8,0,152,255,169,11,175,254,104,0,153,3,23,244,52,253,183,62,0.1349,0.175,0.4467
1589988348.2225654,0,255,160,255,129,3,41,1,170,254,224,253,9,0,16,0,119,255,170,11,177,254,105,0,165,3,39,244,50,253,186,62,0.1486,0.2053,0.4438
1589988348.2295794,1,255,162,255,125,3,36,1,164,254,205,253,8,0,18,0,86,255,172,11,179,254,105,0,181,3,55,244,48,253,188,62,0.1486,0.2053,0.4438
1589988348.2416136,7,255,156,255,119,3,36,1,164,254,205,253,1,0,20,0,44,255,174,11,181,254,106,0,200,3,71,244,45,253,189,62,0.1828,0.175,0.4731
1589988348.2507167,7,255,156,255,110,3,36,1,164,254,205,253,2,0,18,0,251,254,176,11,183,254,107,0,223,3,86,244,40,253,191,62,0.1828,0.175,0.4731
1589988348.2627008,11,255,154,255,115,3,36,1,164,254,205,253,9,0,20,0,202,254,180,11,185,254,108,0,250,3,102,244,35,253,192,62,0.0645,0.1945,0.4712
1589988348.2735257,9,255,154,255,121,3,36,1,164,254,205,253,10,0,22,0,151,254,183,11,187,254,109,0,26,4,117,244,30,253,192,62,0.0635,0.1945,0.4712
1589988348.280021,8,255,153,255,126,3,41,1,168,254,212,253,15,0,26,0,95,254,187,11,189,254,110,0,63,4,131,244,25,253,192,62,0.0635,0.1711,0.348
1589988348.294862,7,255,151,255,116,3,41,1,168,254,212,253,19,0,32,0,32,254,192,11,190,254,111,0,105,4,144,244,19,253,191,62,0.1447,0.1329,0.3519
1589988348.302257,6,255,152,255,113,3,41,1,168,254,212,253,22,0,38,0,228,253,198,11,192,254,113,0,152,4,155,244,12,253,189,62,0.1447,0.1329,0.3519
1589988348.314713,2,255,155,255,124,3,41,1,168,254,212,253,21,0,39,0,162,253,203,11,194,254,115,0,205,4,164,244,5,253,187,62,0.1447,0.2326,0.2023
1589988348.3226123,254,254,154,255,127,3,41,1,168,254,212,253,22,0,45,0,93,253,210,11,195,254,117,0,7,5,172,244,254,252,183,62,0.1447,0.2326,0.2023
1589988348.3333,6,255,153,255,125,3,83,1,164,254,199,253,19,0,50,0,23,253,217,11,196,254,119,0,71,5,180,244,245,252,179,62,0.1828,0.131,0.2483
1589988348.3400183,3,255,149,255,128,3,83,1,164,254,199,253,13,0,55,0,212,252,225,11,198,254,121,0,140,5,187,244,235,252,174,62,0.1828,0.131,0.2483
1589988348.3512022,3,255,148,255,117,3,83,1,164,254,199,253,16,0,58,0,149,252,234,11,199,254,124,0,215,5,193,244,225,252,168,62,0.1799,0.131,0.2483
1589988348.3608425,2,255,141,255,116,3,83,1,164,254,199,253,24,0,68,0,86,252,243,11,200,254,127,0,40,6,198,244,214,252,160,62,0.1799,0.172,0.2278
1589988348.3742726,3,255,136,255,118,3,83,1,164,254,199,253,29,0,68,0,18,252,253,11,202,254,130,0,126,6,202,244,202,252,152,62,0.1828,0.1505,0.2884
1589988348.3800907,0,255,138,255,124,3,83,1,170,254,184,253,36,0,76,0,217,251,7,12,203,254,133,0,217,6,206,244,190,252,142,62,0.1828,0.1505,0.2884
1589988348.3913786,255,254,132,255,125,3,83,1,170,254,184,253,41,0,78,0,156,251,18,12,204,254,136,0,57,7,209,244,178,252,131,62,0.1799,0.1867,0.2131
1589988348.4014907,253,254,127,255,109,3,83,1,170,254,184,253,46,0,83,0,104,251,30,12,206,254,140,0,158,7,211,244,165,252,119,62,0.1799,0.1867,0.2131
1589988348.4132876,250,254,124,255,119,3,83,1,170,254,184,253,42,0,86,0,46,251,42,12,207,254,143,0,7,8,212,244,151,252,105,62,0.1818,0.13,0.2043
1589988348.4238317,249,254,118,255,124,3,83,1,170,254,184,253,44,0,86,0,252,250,55,12,208,254,147,0,117,8,214,244,137,252,90,62,0.1818,0.13,0.2043
1589988348.4322689,246,254,112,255,126,3,118,1,199,254,184,253,39,0,94,0,207,250,68,12,210,254,151,0,230,8,215,244,121,252,74,62,0.174,0.1828,0.172
1589988348.445556,246,254,105,255,123,3,118,1,199,254,184,253,36,0,95,0,161,250,81,12,211,254,155,0,91,9,215,244,105,252,56,62,0.1828,0.1799,0.172
1589988348.4516082,246,254,104,255,114,3,118,1,199,254,184,253,35,0,98,0,119,250,95,12,213,254,160,0,211,9,216,244,88,252,36,62,0.1828,0.1799,0.1779
1589988348.466973,246,254,101,255,109,3,118,1,199,254,184,253,41,0,102,0,84,250,109,12,215,254,164,0,78,10,216,244,71,252,15,62,0.172,0.1945,0.1867
1589988348.4733162,244,254,95,255,118,3,118,1,199,254,184,253,41,0,101,0,50,250,124,12,216,254,168,0,204,10,216,244,53,252,249,61,0.172,0.1945,0.1867
1589988348.484774,246,254,87,255,117,3,136,1,240,254,159,253,51,0,107,0,18,250,139,12,218,254,173,0,76,11,216,244,36,252,225,61,0.1799,0.1906,0.1828
1589988348.4905944,246,254,87,255,118,3,136,1,240,254,159,253,54,0,113,0,245,249,154,12,220,254,177,0,207,11,216,244,19,252,200,61,0.1799,0.1906,0.1828
1589988348.5049264,246,254,72,255,108,3,136,1,240,254,159,253,53,0,115,0,216,249,169,12,222,254,182,0,84,12,217,244,2,252,172,61,0.1662,0.1574,0.1808
1589988348.5112474,248,254,75,255,115,3,136,1,240,254,159,253,53,0,115,0,187,249,185,12,224,254,186,0,219,12,217,244,240,251,144,61,0.1662,0.1574,0.1808
1589988348.5241594,249,254,67,255,117,3,136,1,240,254,159,253,56,0,118,0,160,249,201,12,226,254,191,0,101,13,217,244,222,251,113,61,0.1818,0.1574,0.1808
1589988348.5309846,249,254,65,255,121,3,161,1,20,255,120,253,53,0,118,0,125,249,217,12,228,254,195,0,240,13,218,244,203,251,81,61,0.1818,0.1672,0.1818
1589988348.5426836,252,254,53,255,119,3,161,1,20,255,120,253,47,0,121,0,90,249,234,12,231,254,200,0,127,14,219,244,184,251,47,61,0.2659,0.1662,0.1818
1589988348.5511897,253,254,50,255,108,3,161,1,20,255,120,253,45,0,125,0,51,249,251,12,233,254,205,0,16,15,220,244,164,251,10,61,0.2659,0.1662,0.1818
1589988348.5612707,1,255,48,255,113,3,161,1,20,255,120,253,45,0,134,0,16,249,12,13,236,254,210,0,164,15,220,244,144,251,228,60,0.2063,0.1574,0.1818
1589988348.574056,7,255,45,255,112,3,161,1,20,255,120,253,53,0,139,0,234,248,30,13,238,254,215,0,59,16,221,244,124,251,187,60,0.2063,0.1574,0.1877
1589988348.585521,3,255,33,255,113,3,177,1,55,255,108,253,55,0,140,0,192,248,48,13,241,254,219,0,212,16,222,244,104,251,144,60,0.2033,0.1632,0.1877
1589988348.5969899,4,255,30,255,112,3,177,1,55,255,108,253,55,0,143,0,165,248,67,13,244,254,224,0,112,17,223,244,83,251,98,60,0.218,0.1447,0.1887
1589988348.6035812,6,255,26,255,105,3,177,1,55,255,108,253,60,0,147,0,134,248,86,13,248,254,229,0,14,18,225,244,63,251,51,60,0.218,0.1447,0.1887
1589988348.612039,7,255,12,255,109,3,177,1,55,255,108,253,60,0,151,0,113,248,105,13,251,254,234,0,173,18,227,244,43,251,1,60,0.218,0.1447,0.1887
1589988348.6232433,9,255,7,255,114,3,177,1,55,255,108,253,57,0,153,0,87,248,124,13,254,254,239,0,78,19,229,244,22,251,204,59,0.2043,0.1457,0.176
1589988348.6341584,18,255,5,255,115,3,201,1,85,255,116,253,56,0,154,0,66,248,143,13,2,255,244,0,239,19,231,244,1,251,150,59,0.1828,0.1417,0.176
1589988348.6409833,17,255,251,254,114,3,201,1,85,255,116,253,52,0,162,0,45,248,163,13,5,255,249,0,146,20,233,244,235,250,93,59,0.1828,0.1417,0.1877
1589988348.6556103,19,255,242,254,102,3,201,1,85,255,116,253,48,0,165,0,24,248,183,13,9,255,254,0,54,21,235,244,213,250,34,59,0.1838,0.1398,0.2375
1589988348.6617484,23,255,242,254,101,3,201,1,85,255,116,253,52,0,162,0,12,248,203,13,13,255,3,1,219,21,238,244,192,250,228,58,0.1838,0.1398,0.2375
1589988348.6737106,26,255,238,254,107,3,201,1,85,255,116,253,43,0,170,0,0,248,223,13,17,255,7,1,127,22,240,244,170,250,165,58,0.1838,0.1398,0.2375
1589988348.6816177,31,255,238,254,112,3,214,1,92,255,95,253,41,0,170,0,243,247,243,13,21,255,12,1,36,23,243,244,147,250,99,58,0.1838,0.1525,0.1867
1589988348.6945877,35,255,235,254,96,3,214,1,92,255,95,253,45,0,180,0,235,247,8,14,25,255,17,1,201,23,246,244,126,250,31,58,0.1857,0.1408,0.2434
1589988348.7019076,39,255,230,254,90,3,214,1,92,255,95,253,37,0,179,0,229,247,28,14,30,255,22,1,109,24,248,244,104,250,217,57,0.1857,0.1408,0.2434
1589988348.7121768,40,255,225,254,100,3,214,1,92,255,95,253,33,0,171,0,231,247,48,14,34,255,26,1,17,25,252,244,81,250,145,57,0.1848,0.1408,0.2434
1589988348.72399,47,255,215,254,107,3,214,1,92,255,95,253,37,0,169,0,233,247,69,14,39,255,31,1,180,25,0,245,59,250,72,57,0.1848,0.1574,0.1877
1589988348.73326,40,255,204,254,108,3,243,1,120,255,82,253,39,0,165,0,245,247,89,14,43,255,35,1,84,26,5,245,37,250,253,56,0.1848,0.1701,0.1877
1589988348.7413619,43,255,196,254,110,3,243,1,120,255,82,253,36,0,150,0,7,248,109,14,48,255,39,1,243,26,11,245,15,250,178,56,0.1848,0.1701,0.1945
1589988348.753035,57,255,208,254,88,3,243,1,120,255,82,253,45,0,145,0,35,248,129,14,53,255,43,1,143,27,18,245,250,249,102,56,0.1828,0.1447,0.1848
1589988348.7618222,52,255,194,254,104,3,243,1,120,255,82,253,47,0,140,0,66,248,148,14,58,255,47,1,39,28,25,245,230,249,26,56,0.1828,0.1447,0.1848
1589988348.7743592,55,255,200,254,106,3,243,1,120,255,82,253,40,0,142,0,94,248,167,14,63,255,50,1,189,28,32,245,210,249,205,55,0.216,0.1711,0.1877
1589988348.7819464,60,255,201,254,105,3,180,1,85,255,135,253,46,0,140,0,130,248,186,14,68,255,53,1,79,29,40,245,191,249,128,55,0.216,0.1711,0.1877
1589988348.7919965,62,255,185,254,99,3,180,1,85,255,135,253,38,0,130,0,174,248,205,14,73,255,57,1,221,29,47,245,171,249,51,55,0.1779,0.1417,0.1877
1589988348.8082724,64,255,182,254,93,3,180,1,85,255,135,253,45,0,127,0,217,248,223,14,77,255,60,1,103,30,55,245,153,249,231,54,0.2424,0.1828,0.174
1589988348.8146586,71,255,180,254,97,3,180,1,85,255,135,253,45,0,130,0,10,249,240,14,82,255,63,1,237,30,63,245,136,249,156,54,0.2424,0.1828,0.174
1589988348.8291135,70,255,174,254,101,3,180,1,85,255,135,253,47,0,121,0,62,249,1,15,87,255,65,1,110,31,71,245,119,249,82,54,0.176,0.1437,0.174
1589988348.8344638,73,255,163,254,110,3,188,1,183,255,194,253,44,0,116,0,117,249,18,15,91,255,68,1,234,31,80,245,103,249,9,54,0.176,0.1437,0.174
1589988348.8464518,74,255,162,254,117,3,188,1,183,255,194,253,50,0,118,0,176,249,34,15,96,255,70,1,98,32,87,245,89,249,193,53,0.2317,0.1505,0.1554
1589988348.8527818,58,255,151,254,21,4,188,1,183,255,194,253,110,0,73,0,237,249,49,15,100,255,71,1,213,32,101,245,78,249,125,53,0.2317,0.1505,0.1554
1589988348.865556,130,255,227,254,54,3,188,1,183,255,194,253,18,1,179,255,44,250,63,15,106,255,71,1,67,33,132,245,73,249,62,53,0.175,0.1369,0.1544
1589988348.87412,114,255,194,254,56,3,188,1,183,255,194,253,213,255,211,0,136,250,77,15,109,255,73,1,169,33,128,245,59,249,251,52,0.175,0.1369,0.1544
1589988348.886106,89,255,174,254,199,3,200,1,8,0,220,253,44,255,221,0,192,250,90,15,111,255,78,1,8,34,115,245,35,249,184,52,0.2023,0.2023,0.174
1589988348.891961,99,255,171,254,7,4,200,1,8,0,220,253,239,255,232,255,231,250,103,15,116,255,80,1,101,34,128,245,14,249,124,52,0.2023,0.2023,0.174
1589988348.903855,103,255,173,254,45,3,200,1,8,0,220,253,166,0,171,0,107,251,115,15,119,255,80,1,188,34,135,245,17,249,68,52,0.1779,0.1466,0.172
1589988348.913753,115,255,182,254,63,3,200,1,8,0,220,253,28,0,55,0,139,251,126,15,122,255,81,1,13,35,143,245,6,249,14,52,0.1779,0.1466,0.172
1589988348.9257033,101,255,152,254,215,3,200,1,8,0,220,253,222,255,14,0,190,251,137,15,126,255,83,1,89,35,150,245,245,248,218,51,0.2219,0.2023,0.174
1589988348.9316022,112,255,168,254,86,3,193,1,91,0,239,253,63,0,81,0,29,252,146,15,129,255,83,1,160,35,157,245,240,248,169,51,0.2219,0.2023,0.174
1589988348.9428895,112,255,168,254,86,3,193,1,91,0,239,253,63,0,81,0,29,252,146,15,129,255,83,1,160,35,157,245,240,248,169,51,0.1789,0.1359,0.1642
1589988348.9522593,112,255,169,254,115,3,193,1,91,0,239,253,12,0,38,0,159,252,164,15,134,255,85,1,31,36,170,245,222,248,81,51,0.1789,0.1359,0.1642
1589988348.9622495,106,255,156,254,111,3,193,1,91,0,239,253,48,0,44,0,242,252,172,15,136,255,86,1,86,36,176,245,217,248,43,51,0.1857,0.1212,0.1642
1589988348.9674737,106,255,156,254,111,3,193,1,91,0,239,253,48,0,44,0,242,252,172,15,136,255,86,1,86,36,176,245,217,248,43,51,0.1857,0.1212,0.1838
1589988348.9784906,108,255,158,254,132,3,193,1,91,0,239,253,30,0,40,0,62,253,179,15,138,255,86,1,136,36,182,245,211,248,8,51,0.1603,0.1916,0.1838
1589988348.9840016,113,255,156,254,77,3,219,1,139,0,220,253,40,0,31,0,144,253,185,15,140,255,87,1,180,36,188,245,207,248,233,50,0.1603,0.1916,0.1642
1589988348.9941568,108,255,140,254,128,3,219,1,139,0,220,253,28,0,31,0,226,253,190,15,142,255,87,1,217,36,190,245,203,248,206,50,0.1603,0.1916,0.1642
1589988349.0058787,109,255,150,254,82,3,219,1,139,0,220,253,31,0,23,0,60,254,194,15,143,255,88,1,248,36,190,245,201,248,183,50,0.1672,0.1916,0.2239
1589988349.015688,113,255,146,254,103,3,219,1,139,0,220,253,22,0,17,0,148,254,198,15,144,255,88,1,17,37,190,245,198,248,164,50,0.1564,0.3138,0.2239
1589988349.0255089,115,255,153,254,95,3,219,1,139,0,220,253,16,0,18,0,241,254,201,15,144,255,88,1,35,37,189,245,197,248,151,50,0.1564,0.3138,0.2346
1589988349.037216,112,255,146,254,125,3,240,1,169,0,213,253,11,0,6,0,73,255,202,15,144,255,89,1,47,37,188,245,195,248,141,50,0.1632,0.3148,0.2053
1589988349.04366,107,255,144,254,117,3,240,1,169,0,213,253,14,0,2,0,161,255,203,15,144,255,89,1,54,37,187,245,195,248,137,50,0.1632,0.3148,0.2053
1589988349.0579853,113,255,151,254,94,3,240,1,169,0,213,253,6,0,246,255,237,255,203,15,144,255,89,1,54,37,184,245,195,248,136,50,0.1564,0.3128,0.2346
1589988349.064623,112,255,147,254,101,3,240,1,169,0,213,253,11,0,244,255,59,0,203,15,144,255,89,1,49,37,181,245,196,248,139,50,0.1564,0.3128,0.2346
1589988349.0758832,109,255,145,254,111,3,240,1,169,0,213,253,255,255,239,255,135,0,201,15,143,255,89,1,39,37,178,245,198,248,146,50,0.1603,0.2991,0.1691
1589988349.0844152,114,255,142,254,100,3,252,1,174,0,194,253,7,0,235,255,215,0,199,15,142,255,89,1,24,37,174,245,199,248,156,50,0.1603,0.2991,0.1691
1589988349.0961125,121,255,143,254,107,3,252,1,174,0,194,253,250,255,230,255,37,1,196,15,141,255,89,1,3,37,170,245,202,248,171,50,0.1144,0.3236,0.1828
1589988349.1086426,115,255,148,254,95,3,252,1,174,0,194,253,254,255,223,255,107,1,193,15,140,255,89,1,233,36,166,245,205,248,190,50,0.1173,0.3509,0.1828
1589988349.1148784,114,255,161,254,110,3,252,1,174,0,194,253,244,255,223,255,167,1,188,15,139,255,89,1,203,36,162,245,208,248,211,50,0.1173,0.3509,0.1808
1589988349.1305268,117,255,157,254,95,3,252,1,174,0,194,253,242,255,216,255,222,1,184,15,137,255,88,1,170,36,158,245,212,248,235,50,0.1603,0.3861,0.1808
1589988349.1366236,113,255,149,254,111,3,56,2,166,0,226,253,244,255,215,255,10,2,178,15,136,255,88,1,133,36,154,245,216,248,5,51,0.1603,0.3861,0.1799
1589988349.1439688,113,255,155,254,108,3,56,2,166,0,226,253,243,255,214,255,57,2,173,15,134,255,87,1,93,36,150,245,221,248,34,51,0.1603,0.3861,0.1799
1589988349.1559918,110,255,145,254,104,3,56,2,166,0,226,253,237,255,210,255,98,2,167,15,132,255,87,1,49,36,145,245,226,248,64,51,0.1652,0.1691,0.1848
1589988349.1689618,108,255,152,254,99,3,56,2,166,0,226,253,237,255,204,255,139,2,160,15,130,255,86,1,3,36,140,245,231,248,96,51,0.1642,0.174,0.1857
1589988349.176183,111,255,151,254,114,3,56,2,166,0,226,253,237,255,199,255,177,2,154,15,128,255,86,1,210,35,135,245,236,248,130,51,0.1642,0.174,0.1857
1589988349.188327,105,255,149,254,95,3,32,3,147,0,148,253,242,255,201,255,214,2,146,15,126,255,85,1,159,35,130,245,242,248,166,51,0.1769,0.1466,0.1848
1589988349.193951,104,255,153,254,116,3,32,3,147,0,148,253,228,255,195,255,245,2,139,15,124,255,84,1,105,35,125,245,248,248,202,51,0.1769,0.1466,0.1848
1589988349.2090113,103,255,156,254,89,3,32,3,147,0,148,253,232,255,192,255,30,3,131,15,122,255,84,1,48,35,120,245,254,248,241,51,0.1975,0.1466,0.1867
1589988349.2150712,108,255,162,254,99,3,32,3,147,0,148,253,229,255,188,255,75,3,123,15,119,255,83,1,243,34,115,245,5,249,26,52,0.1975,0.1466,0.1867
1589988349.2263114,102,255,157,254,108,3,32,3,147,0,148,253,226,255,193,255,119,3,114,15,117,255,82,1,179,34,109,245,12,249,68,52,0.1779,0.1457,0.1867
1589988349.2348902,96,255,160,254,109,3,129,5,130,255,223,251,223,255,191,255,159,3,105,15,114,255,81,1,113,34,103,245,19,249,112,52,0.1779,0.1457,0.1779
1589988349.2466855,97,255,157,254,111,3,129,5,130,255,223,251,227,255,190,255,191,3,96,15,111,255,80,1,43,34,97,245,28,249,157,52,0.2102,0.1457,0.1994
1589988349.2545815,101,255,165,254,94,3,129,5,130,255,223,251,231,255,185,255,214,3,86,15,108,255,79,1,228,33,91,245,36,249,203,52,0.2102,0.1457,0.1994
1589988349.2658277,94,255,166,254,108,3,129,5,130,255,223,251,227,255,179,255,226,3,76,15,106,255,78,1,156,33,86,245,45,249,249,52,0.1808,0.1574,0.1994
1589988349.2770548,100,255,172,254,106,3,129,5,130,255,223,251,228,255,179,255,221,3,66,15,103,255,76,1,84,33,81,245,53,249,38,53,0.1808,0.1574,0.1652
1589988349.2882867,93,255,175,254,108,3,185,2,149,255,95,253,230,255,181,255,204,3,57,15,100,255,75,1,13,33,76,245,62,249,83,53,0.1867,0.1603,0.1994
1589988349.2950828,92,255,181,254,95,3,185,2,149,255,95,253,229,255,182,255,176,3,48,15,98,255,74,1,200,32,72,245,70,249,126,53,0.1867,0.1603,0.1994
1589988349.306729,91,255,184,254,98,3,185,2,149,255,95,253,234,255,184,255,146,3,39,15,95,255,73,1,133,32,68,245,78,249,167,53,0.1818,0.172,0.2248
1589988349.319852,97,255,192,254,99,3,185,2,149,255,95,253,233,255,189,255,108,3,30,15,93,255,71,1,68,32,64,245,86,249,206,53,0.1818,0.174,0.2023
1589988349.3268318,91,255,185,254,104,3,185,2,149,255,95,253,233,255,187,255,69,3,22,15,91,255,70,1,6,32,60,245,94,249,243,53,0.1818,0.174,0.2023
1589988349.3339891,99,255,198,254,78,3,60,2,52,0,148,253,242,255,180,255,40,3,14,15,89,255,69,1,202,31,58,245,101,249,23,54,0.1818,0.174,0.2023
1589988349.346327,94,255,187,254,127,3,60,2,52,0,148,253,234,255,205,255,19,3,6,15,87,255,68,1,144,31,54,245,108,249,57,54,0.1769,0.172,0.2356
1589988349.3604152,90,255,183,254,97,3,60,2,52,0,148,253,226,255,196,255,243,2,255,14,85,255,67,1,88,31,51,245,114,249,90,54,0.1769,0.1701,0.2141
1589988349.3667552,86,255,182,254,115,3,60,2,52,0,148,253,230,255,204,255,213,2,247,14,83,255,66,1,33,31,48,245,121,249,121,54,0.1769,0.1701,0.2141
1589988349.3773353,101,255,193,254,89,3,60,2,52,0,148,253,238,255,199,255,177,2,241,14,81,255,65,1,238,30,45,245,126,249,151,54,0.175,0.1447,0.2141
1589988349.3848684,89,255,184,254,121,3,52,2,70,0,148,253,239,255,206,255,129,2,234,14,79,255,64,1,190,30,43,245,132,249,178,54,0.175,0.1447,0.1848
1589988349.3992064,95,255,177,254,118,3,52,2,70,0,148,253,233,255,208,255,70,2,229,14,78,255,63,1,146,30,42,245,135,249,202,54,0.174,0.1584,0.216
1589988349.4059975,82,255,177,254,100,3,52,2,70,0,148,253,248,255,223,255,6,2,224,14,77,255,62,1,108,30,40,245,140,249,224,54,0.174,0.1584,0.216
1589988349.4191847,79,255,188,254,109,3,52,2,70,0,148,253,234,255,215,255,177,1,219,14,76,255,61,1,75,30,39,245,143,249,242,54,0.1711,0.1701,0.1818
1589988349.4278529,82,255,186,254,106,3,52,2,70,0,148,253,248,255,227,255,96,1,216,14,75,255,61,1,49,30,38,245,146,249,1,55,0.1711,0.1701,0.1818
1589988349.436771,85,255,190,254,117,3,22,2,48,0,109,253,254,255,235,255,4,1,213,14,74,255,60,1,30,30,38,245,148,249,12,55,0.1691,0.1447,0.1818
1589988349.445495,95,255,191,254,112,3,22,2,48,0,109,253,3,0,243,255,156,0,212,14,74,255,60,1,18,30,38,245,149,249,18,55,0.1691,0.1447,0.218
1589988349.455133,103,255,193,254,106,3,22,2,48,0,109,253,11,0,253,255,48,0,211,14,74,255,60,1,15,30,40,245,149,249,20,55,0.2151,0.1828,0.218
1589988349.4645388,98,255,195,254,93,3,22,2,48,0,109,253,18,0,13,0,190,255,212,14,75,255,60,1,21,30,42,245,149,249,17,55,0.2151,0.1828,0.1848
1589988349.480129,141,251,13,251,41,1,22,2,48,0,109,253,6,0,3,0,62,255,214,14,75,255,60,1,35,30,43,245,146,249,9,55,0.218,0.1408,0.218
1589988349.4861202,244,254,185,254,53,254,214,1,24,0,199,253,234,252,89,10,133,253,224,14,53,255,71,1,93,30,76,244,186,249,192,54,0.218,0.1408,0.218
1589988349.4975822,63,0,243,255,214,255,214,1,24,0,199,253,39,255,67,248,61,245,247,14,81,255,77,1,19,31,237,244,45,249,107,54,0.2913,0.1613,0.1808
1589988349.5056581,132,255,228,255,250,255,214,1,24,0,199,253,91,255,211,254,120,244,19,15,94,255,83,1,230,31,24,245,232,248,240,53,0.2913,0.1613,0.1808
1589988349.5174084,216,255,206,255,8,0,214,1,24,0,199,253,136,255,31,254,250,244,45,15,108,255,89,1,173,32,81,245,161,248,123,53,0.2639,0.1564,0.2209
1589988349.5316093,248,255,214,255,6,0,214,1,24,0,199,253,250,255,108,254,196,245,70,15,121,255,92,1,101,33,137,245,106,248,11,53,0.2581,0.1613,0.1808
1589988349.5383754,1,0,237,255,0,0,232,1,147,0,207,253,25,0,193,254,148,246,92,15,133,255,95,1,14,34,186,245,59,248,162,52,0.2581,0.1613,0.1808
1589988349.5487335,237,255,247,255,15,0,232,1,147,0,207,253,34,0,30,255,132,247,113,15,142,255,97,1,166,34,227,245,21,248,65,52,0.2268,0.2033,0.1808
1589988349.5550985,174,3,245,254,243,4,232,1,147,0,207,253,5,0,99,255,142,248,131,15,151,255,99,1,43,35,2,246,244,247,233,51,0.2268,0.2033,0.218
1589988349.5688126,71,1,178,2,108,4,232,1,147,0,207,253,161,5,146,5,190,248,153,15,145,255,88,1,207,35,247,245,132,248,140,51,0.219,0.2102,0.218
1589988349.5773437,215,255,243,255,105,1,232,1,147,0,207,253,105,1,240,8,246,249,172,15,130,255,87,1,86,36,121,245,247,248,36,51,0.219,0.2102,0.1818
1589988349.589892,53,1,115,255,248,7,195,1,182,0,173,253,227,253,21,255,214,251,182,15,135,255,93,1,150,36,121,245,183,248,238,50,0.217,0.1877,0.1701
1589988349.5960598,207,0,254,255,147,3,195,1,182,0,173,253,114,1,197,254,103,252,190,15,142,255,91,1,215,36,170,245,180,248,200,50,0.217,0.1877,0.1701
1589988349.606292,18,0,40,0,57,0,195,1,182,0,173,253,143,3,197,1,232,252,199,15,140,255,83,1,30,37,192,245,254,248,163,50,0.218,0.1359,0.1701
1589988349.615874,156,0,210,254,182,5,195,1,182,0,173,253,147,255,94,0,169,253,205,15,142,255,85,1,71,37,186,245,243,248,130,50,0.218,0.1359,0.1613
1589988349.6271338,252,255,157,255,247,1,195,1,182,0,173,253,151,252,27,255,100,254,208,15,145,255,94,1,85,37,162,245,166,248,104,50,0.2092,0.1251,0.1613
1589988349.634857,9,0,211,254,195,4,177,1,164,0,184,253,157,255,74,0,197,254,211,15,146,255,95,1,105,37,155,245,159,248,86,50,0.2092,0.1251,0.1828
1589988349.645476,248,255,82,255,83,2,177,1,164,0,184,253,50,2,42,1,13,255,215,15,144,255,90,1,133,37,165,245,208,248,75,50,0.2111,0.1261,0.1828
1589988349.6558242,214,255,198,254,213,3,177,1,164,0,184,253,152,0,84,0,236,254,218,15,144,255,89,1,154,37,170,245,219,248,62,50,0.2111,0.1261,0.1681
1589988349.6694694,199,255,216,254,250,3,177,1,164,0,184,253,131,254,73,255,158,254,220,15,147,255,93,1,171,37,166,245,179,248,42,50,0.2131,0.1095,0.2805
1589988349.6773374,206,255,238,254,70,3,177,1,164,0,184,253,238,255,19,0,211,254,223,15,148,255,93,1,192,37,167,245,175,248,27,50,0.2131,0.1095,0.2805
1589988349.6889186,176,255,209,254,215,3,201,1,188,0,180,253,186,0,88,0,0,255,226,15,148,255,92,1,213,37,173,245,188,248,14,50,0.2151,0.1329,0.1769
1589988349.6983676,190,255,1,255,51,3,201,1,188,0,180,253,170,255,220,255,225,254,229,15,149,255,93,1,230,37,174,245,176,248,255,49,0.2239,0.2111,0.1769
1589988349.7057285,172,255,177,254,234,3,201,1,188,0,180,253,239,255,15,0,0,255,231,15,150,255,93,1,248,37,175,245,172,248,242,49,0.2239,0.2111,0.2141
1589988349.7199368,184,255,213,254,67,3,201,1,188,0,180,253,99,0,31,0,58,255,233,15,151,255,93,1,7,38,180,245,178,248,232,49,0.2258,0.1437,0.1769
1589988349.7274826,171,255,197,254,160,3,201,1,188,0,180,253,228,255,40,0,128,255,235,15,151,255,93,1,15,38,177,245,176,248,224,49,0.2258,0.1437,0.1769
1589988349.7395978,170,255,218,254,76,3,196,1,219,0,205,253,215,255,229,255,206,255,235,15,151,255,93,1,18,38,177,245,172,248,222,49,0.2317,0.1486,0.1769
1589988349.7458546,162,255,182,254,177,3,196,1,219,0,205,253,249,255,254,255,40,0,235,15,151,255,93,1,15,38,177,245,172,248,224,49,0.2317,0.1486,0.1926
1589988349.758715,176,255,214,254,42,3,196,1,219,0,205,253,26,0,248,255,108,0,234,15,151,255,93,1,8,38,177,245,175,248,230,49,0.2326,0.1496,0.1838
1589988349.7662659,162,255,179,254,168,3,196,1,219,0,205,253,244,255,238,255,156,0,232,15,150,255,93,1,253,37,176,245,176,248,238,49,0.2326,0.1496,0.1838
1589988349.77824,174,255,206,254,63,3,196,1,219,0,205,253,250,255,245,255,204,0,230,15,149,255,93,1,239,37,175,245,178,248,249,49,0.2424,0.175,0.1838
1589988349.784955,169,255,198,254,101,3,196,1,238,0,180,253,246,255,243,255,235,0,228,15,149,255,93,1,223,37,173,245,180,248,5,50,0.2424,0.175,0.1877
1589988349.794295,169,255,198,254,101,3,196,1,238,0,180,253,246,255,243,255,235,0,228,15,149,255,93,1,223,37,173,245,180,248,5,50,0.2463,0.1554,0.1877
1589988349.8003104,167,255,182,254,116,3,196,1,238,0,180,253,253,255,230,255,7,1,225,15,148,255,92,1,205,37,172,245,182,248,19,50,0.2463,0.1554,0.1848
1589988349.8068442,166,255,184,254,116,3,196,1,238,0,180,253,18,0,239,255,41,1,222,15,147,255,92,1,185,37,171,245,187,248,34,50,0.2463,0.1554,0.1848
1589988349.8173945,171,255,183,254,95,3,196,1,238,0,180,253,255,255,232,255,62,1,219,15,146,255,91,1,164,37,173,245,190,248,51,50,0.2893,0.1486,0.1926
1589988349.8285484,169,255,175,254,111,3,196,1,238,0,180,253,240,255,234,255,88,1,216,15,146,255,91,1,141,37,173,245,192,248,69,50,0.2893,0.1486,0.1926
1589988349.8400705,81,255,33,252,185,2,203,1,233,0,159,253,167,255,105,0,241,0,214,15,144,255,92,1,124,37,159,245,195,248,79,50,0.2659,0.1476,0.1848
1589988349.8494384,184,255,206,255,237,2,203,1,233,0,159,253,157,253,173,255,6,246,238,15,154,255,100,1,31,38,159,245,114,248,199,49,0.2962,0.1476,0.1848
1589988349.8563178,80,0,190,254,114,5,203,1,233,0,159,253,3,1,193,0,181,241,18,16,166,255,101,1,25,39,197,245,90,248,8,49,0.2962,0.1329,0.1916
1589988349.8714778,86,0,62,255,28,2,203,1,233,0,159,253,26,4,124,2,253,242,52,16,172,255,94,1,9,40,245,245,148,248,88,48,0.2649,0.1505,0.1808
1589988349.8784518,18,0,201,254,171,3,203,1,233,0,159,253,129,1,5,0,241,243,82,16,183,255,93,1,215,40,41,246,131,248,179,47,0.2649,0.1505,0.1808
1589988349.8859518,36,255,238,254,152,4,187,1,6,1,159,253,78,254,148,0,37,245,109,16,192,255,99,1,133,41,36,246,74,248,18,47,0.2649,0.1505,0.1808
1589988349.8974848,202,255,208,254,151,3,187,1,6,1,159,253,129,255,242,0,131,246,133,16,199,255,102,1,31,42,39,246,48,248,132,46,0.2942,0.1505,0.1808
1589988349.9083588,194,255,239,254,18,3,187,1,6,1,159,253,1,1,1,1,176,247,154,16,204,255,100,1,170,42,60,246,50,248,10,46,0.2659,0.1505,0.1808
1589988349.917034,177,255,196,254,184,3,187,1,6,1,159,253,245,255,91,0,77,248,173,16,211,255,101,1,37,43,75,246,29,248,150,45,0.2659,0.1515,0.1681
1589988349.9293911,190,255,185,254,157,3,187,1,6,1,159,253,1,0,100,0,27,249,190,16,216,255,102,1,147,43,88,246,12,248,45,45,0.2708,0.1505,0.1681
1589988349.9361272,194,255,201,254,135,3,145,1,60,1,165,253,99,0,115,0,246,249,206,16,221,255,102,1,243,43,103,246,5,248,209,44,0.2708,0.1505,0.1808
1589988349.9507213,204,255,217,254,56,3,145,1,60,1,165,253,246,255,88,0,184,250,219,16,225,255,102,1,70,44,112,246,248,247,127,44,0.2649,0.1505,0.1808
1589988349.9566774,105,0,238,252,58,3,145,1,60,1,165,253,35,0,82,0,121,251,230,16,229,255,102,1,140,44,122,246,240,247,57,44,0.2649,0.1505,0.1808
1589988349.9667904,248,0,250,248,60,3,145,1,60,1,165,253,250,255,54,0,100,251,242,16,233,255,103,1,211,44,131,246,228,247,241,43,0.2649,0.1535,0.1808
1589988349.9789143,73,249,53,246,198,2,145,1,60,1,165,253,221,255,53,0,186,245,11,17,242,255,103,1,111,45,155,246,196,247,80,43,0.2649,0.1535,0.1799
1589988349.9907525,49,0,234,255,140,3,139,1,96,1,167,253,29,0,111,255,240,1,6,17,241,255,103,1,80,45,160,246,195,247,112,43,0.263,0.1554,0.1818
1589988349.9969766,15,0,94,0,135,3,139,1,96,1,167,253,29,0,111,255,240,1,1,17,241,255,103,1,50,45,164,246,194,247,145,43,0.263,0.1554,0.1818
1589988350.0086746,90,0,11,255,97,2,139,1,96,1,167,253,217,0,54,255,153,4,245,16,238,255,100,1,237,44,177,246,209,247,221,43,0.2649,0.1349,0.1808
1589988350.0227807,8,0,3,255,161,3,139,1,96,1,167,253,101,255,215,255,19,4,235,16,235,255,102,1,172,44,158,246,211,247,27,44,0.2669,0.1339,0.1789
1589988350.0288167,251,255,30,255,140,3,139,1,96,1,167,253,122,255,195,255,91,255,237,16,236,255,103,1,180,44,156,246,197,247,17,44,0.2669,0.1339,0.1789
1589988350.0376227,185,255,229,254,95,3,136,1,118,1,160,253,222,255,193,255,117,254,240,16,238,255,103,1,202,44,162,246,186,247,249,43,0.2669,0.1339,0.1789
1589988350.049393,197,255,64,253,108,3,136,1,118,1,160,253,152,255,5,0,43,254,245,16,240,255,105,1,229,44,161,246,174,247,220,43,0.2659,0.174,0.1779
1589988350.059406,251,254,209,252,90,3,136,1,118,1,160,253,9,0,35,0,186,254,248,16,241,255,105,1,248,44,162,246,172,247,199,43,0.2649,0.174,0.1779
1589988350.06691,132,0,244,254,102,3,136,1,118,1,160,253,64,0,242,255,163,0,247,16,240,255,104,1,239,44,165,246,177,247,210,43,0.2649,0.1427,0.1779
1589988350.078998,244,255,97,254,66,3,136,1,118,1,160,253,243,255,250,255,225,255,247,16,240,255,104,1,241,44,165,246,176,247,208,43,0.2659,0.1427,0.1779
1589988350.0868382,251,255,78,254,100,3,116,1,131,1,160,253,252,255,5,0,241,255,247,16,240,255,104,1,242,44,165,246,176,247,207,43,0.2659,0.175,0.1779
1589988350.092612,251,255,78,254,100,3,116,1,131,1,160,253,252,255,5,0,241,255,247,16,240,255,104,1,242,44,165,246,176,247,207,43,0.2659,0.175,0.1779
1589988350.1032562,0,0,53,254,122,3,116,1,131,1,160,253,3,0,2,0,2,0,247,16,240,255,104,1,242,44,165,246,176,247,207,43,0.2893,0.1457,0.1808
1589988350.1091232,247,255,58,254,68,3,116,1,131,1,160,253,0,0,1,0,255,255,247,16,240,255,104,1,242,44,165,246,176,247,207,43,0.2893,0.1457,0.1808
1589988350.1191204,249,255,64,254,95,3,116,1,131,1,160,253,6,0,4,0,2,0,247,16,240,255,104,1,242,44,165,246,176,247,207,43,0.2903,0.1945,0.1808
1589988350.1313343,250,255,63,254,100,3,116,1,131,1,160,253,2,0,0,0,253,255,247,16,241,255,106,1,240,44,154,246,163,247,205,43,0.2903,0.1945,0.1857
1589988350.1424325,253,255,69,254,111,3,112,1,108,1,148,253,0,0,1,0,255,255,247,16,241,255,108,1,238,44,146,246,152,247,202,43,0.3226,0.1632,0.1857
1589988350.1489556,247,255,58,254,101,3,112,1,108,1,148,253,248,255,254,255,253,255,247,16,241,255,109,1,237,44,137,246,140,247,200,43,0.3226,0.1632,0.1857
1589988350.1588168,251,255,58,254,83,3,112,1,108,1,148,253,249,255,254,255,252,255,247,16,241,255,111,1,235,44,127,246,128,247,197,43,0.2815,0.2023,0.1857
1589988350.1683908,250,255,61,254,91,3,112,1,108,1,148,253,254,255,254,255,2,0,247,16,241,255,113,1,233,44,117,246,116,247,195,43,0.2815,0.2023,0.1926
1589988350.180503,249,255,60,254,98,3,112,1,108,1,148,253,5,0,1,0,1,0,247,16,242,255,114,1,231,44,109,246,106,247,193,43,0.2893,0.1691,0.1896
1589988350.1883318,250,255,63,254,96,3,112,1,124,1,167,253,5,0,0,0,0,0,247,16,242,255,116,1,230,44,100,246,96,247,190,43,0.2893,0.1691,0.1896
1589988350.2004948,249,255,60,254,99,3,112,1,124,1,167,253,4,0,1,0,0,0,247,16,242,255,117,1,228,44,93,246,86,247,188,43,0.2502,0.2493,0.1955
1589988350.2093,249,255,64,254,89,3,112,1,124,1,167,253,2,0,0,0,2,0,247,16,242,255,118,1,227,44,85,246,77,247,186,43,0.2502,0.2493,0.1955
1589988350.2208462,250,255,58,254,94,3,112,1,124,1,167,253,2,0,1,0,1,0,247,16,242,255,120,1,225,44,77,246,67,247,184,43,0.2561,0.2102,0.1926
1589988350.231298,250,255,64,254,100,3,112,1,124,1,167,253,3,0,2,0,255,255,248,16,242,255,121,1,224,44,71,246,59,247,183,43,0.2522,0.2102,0.1926
1589988350.2389033,250,255,61,254,105,3,129,1,113,1,154,253,3,0,254,255,0,0,248,16,243,255,122,1,223,44,65,246,51,247,181,43,0.2522,0.2463,0.176
1589988350.2527492,249,255,64,254,99,3,129,1,113,1,154,253,251,255,1,0,1,0,248,16,243,255,123,1,221,44,59,246,44,247,179,43,0.263,0.2004,0.1857
1589988350.2584743,250,255,63,254,96,3,129,1,113,1,154,253,248,255,254,255,1,0,248,16,243,255,124,1,220,44,53,246,37,247,178,43,0.263,0.2004,0.1857
1589988350.2712724,251,255,59,254,95,3,129,1,113,1,154,253,250,255,254,255,1,0,248,16,243,255,125,1,219,44,47,246,29,247,176,43,0.2522,0.1388,0.2336
1589988350.2812836,250,255,61,254,96,3,129,1,113,1,154,253,0,0,255,255,254,255,248,16,243,255,126,1,218,44,41,246,22,247,175,43,0.2522,0.1388,0.2336
1589988350.2921085,250,255,60,254,99,3,116,1,124,1,167,253,5,0,3,0,255,255,248,16,243,255,127,1,217,44,36,246,15,247,173,43,0.263,0.1417,0.1818
1589988350.2987466,250,255,61,254,97,3,116,1,124,1,167,253,7,0,1,0,0,0,248,16,243,255,128,1,216,44,30,246,8,247,172,43,0.263,0.1417,0.1818
1589988350.3099666,251,255,63,254,89,3,116,1,124,1,167,253,5,0,1,0,255,255,248,16,243,255,129,1,215,44,25,246,1,247,170,43,0.2512,0.1564,0.1818
1589988350.3190007,251,255,63,254,97,3,116,1,124,1,167,253,255,255,1,0,0,0,248,16,244,255,130,1,214,44,20,246,251,246,169,43,0.2512,0.1564,0.2649
1589988350.3318837,251,255,59,254,98,3,116,1,124,1,167,253,254,255,1,0,1,0,248,16,244,255,131,1,213,44,15,246,245,246,167,43,0.262,0.1544,0.2023
1589988350.3396277,249,255,63,254,103,3,112,1,124,1,173,253,2,0,254,255,255,255,248,16,244,255,132,1,212,44,11,246,239,246,166,43,0.262,0.1544,0.2023
1589988350.351209,251,255,63,254,101,3,112,1,124,1,173,253,0,0,0,0,254,255,248,16,244,255,133,1,211,44,7,246,234,246,165,43,0.2512,0.1593,0.2014
1589988350.3589928,249,255,66,254,92,3,112,1,124,1,173,253,252,255,253,255,0,0,248,16,244,255,133,1,210,44,3,246,229,246,164,43,0.2512,0.1593,0.2014
1589988350.3688402,249,255,60,254,97,3,112,1,124,1,173,253,249,255,254,255,1,0,248,16,244,255,134,1,209,44,255,245,224,246,163,43,0.262,0.1496,0.2014
1589988350.3816352,249,255,62,254,96,3,112,1,124,1,173,253,252,255,0,0,0,0,248,16,244,255,135,1,208,44,251,245,219,246,162,43,0.2522,0.1496,0.1955
1589988350.3892581,250,255,59,254,100,3,123,1,113,1,154,253,3,0,254,255,0,0,248,16,244,255,136,1,208,44,247,245,214,246,161,43,0.2522,0.1535,0.174
1589988350.4029572,250,255,62,254,101,3,123,1,113,1,154,253,7,0,2,0,0,0,248,16,244,255,136,1,207,44,243,245,210,246,159,43,0.261,0.1466,0.174
1589988350.4091616,250,255,62,254,92,3,123,1,113,1,154,253,5,0,0,0,254,255,248,16,244,255,137,1,206,44,239,245,205,246,158,43,0.261,0.1466,0.172
1589988350.4249904,251,255,61,254,94,3,123,1,113,1,154,253,255,255,0,0,252,255,248,16,245,255,138,1,205,44,236,245,200,246,157,43,0.2933,0.1437,0.175
1589988350.4320714,249,255,62,254,100,3,123,1,113,1,154,253,0,0,255,255,1,0,248,16,245,255,138,1,204,44,232,245,196,246,156,43,0.2933,0.1437,0.175
1589988350.4402676,249,255,59,254,98,3,99,1,131,1,135,253,0,0,0,0,254,255,248,16,245,255,139,1,204,44,229,245,192,246,155,43,0.2649,0.1359,0.175
1589988350.4494107,250,255,61,254,101,3,99,1,131,1,135,253,0,0,2,0,255,255,248,16,245,255,139,1,203,44,225,245,188,246,155,43,0.2649,0.1359,0.173
1589988350.4637268,250,255,62,254,92,3,99,1,131,1,135,253,254,255,253,255,1,0,248,16,245,255,140,1,202,44,222,245,184,246,154,43,0.2512,0.1369,0.1554
1589988350.4699538,249,255,65,254,91,3,99,1,131,1,135,253,250,255,253,255,254,255,248,16,245,255,141,1,202,44,219,245,180,246,153,43,0.2512,0.1369,0.1554
1589988350.482266,250,255,61,254,96,3,99,1,131,1,135,253,251,255,0,0,1,0,248,16,245,255,141,1,201,44,216,245,176,246,152,43,0.261,0.129,0.1544
1589988350.489977,249,255,60,254,99,3,116,1,131,1,148,253,255,255,0,0,254,255,248,16,245,255,142,1,200,44,213,245,172,246,151,43,0.261,0.129,0.1544
1589988350.5004401,248,255,61,254,100,3,116,1,131,1,148,253,3,0,0,0,1,0,248,16,245,255,142,1,200,44,210,245,169,246,150,43,0.2893,0.1544,0.1544
1589988350.510376,249,255,63,254,93,3,116,1,131,1,148,253,4,0,0,0,255,255,248,16,245,255,143,1,199,44,207,245,166,246,150,43,0.2893,0.1544,0.1544
1589988350.519963,249,255,64,254,95,3,116,1,131,1,148,253,2,0,255,255,0,0,248,16,245,255,143,1,199,44,204,245,162,246,149,43,0.261,0.1427,0.1544
1589988350.534383,248,255,63,254,99,3,116,1,131,1,148,253,1,0,1,0,0,0,248,16,245,255,144,1,198,44,202,245,159,246,148,43,0.2942,0.1427,0.1848
1589988350.5404563,250,255,60,254,100,3,99,1,113,1,167,253,255,255,255,255,0,0,248,16,245,255,144,1,198,44,199,245,156,246,147,43,0.2942,0.1848,0.1848
1589988350.5502264,249,255,63,254,94,3,99,1,113,1,167,253,254,255,255,255,3,0,248,16,245,255,145,1,197,44,197,245,153,246,147,43,0.2942,0.1848,0.1867
1589988350.5617673,249,255,60,254,89,3,99,1,113,1,167,253,253,255,255,255,254,255,248,16,245,255,145,1,196,44,194,245,150,246,146,43,0.262,0.1408,0.1799
1589988350.5699766,252,255,62,254,95,3,99,1,113,1,167,253,1,0,255,255,255,255,248,16,245,255,146,1,196,44,191,245,147,246,145,43,0.262,0.1408,0.1799
1589988350.5828376,250,255,61,254,99,3,99,1,113,1,167,253,252,255,0,0,0,0,248,16,246,255,146,1,195,44,189,245,144,246,145,43,0.26,0.176,0.1818
1589988350.5946937,249,255,61,254,97,3,129,1,124,1,173,253,255,255,255,255,2,0,248,16,246,255,146,1,195,44,186,245,141,246,144,43,0.2659,0.1398,0.2229
1589988350.6013198,247,255,61,254,97,3,129,1,124,1,173,253,2,0,254,255,253,255,248,16,246,255,147,1,194,44,184,245,138,246,143,43,0.2659,0.1398,0.2229
1589988350.6143157,249,255,59,254,89,3,129,1,124,1,173,253,3,0,253,255,1,0,248,16,246,255,147,1,194,44,182,245,135,246,143,43,0.2542,0.13,0.1818
1589988350.6202977,252,255,63,254,100,3,129,1,124,1,173,253,7,0,1,0,0,0,248,16,246,255,148,1,193,44,179,245,132,246,142,43,0.2542,0.13,0.1818
1589988350.632977,249,255,62,254,101,3,129,1,124,1,173,253,4,0,3,0,0,0,248,16,246,255,148,1,193,44,177,245,130,246,141,43,0.263,0.13,0.1818
1589988350.640693,249,255,62,254,100,3,112,1,113,1,160,253,255,255,255,255,2,0,248,16,246,255,148,1,192,44,175,245,127,246,141,43,0.263,0.1212,0.2336
1589988350.653119,250,255,64,254,102,3,112,1,113,1,160,253,253,255,255,255,254,255,248,16,246,255,149,1,192,44,173,245,125,246,140,43,0.2561,0.1281,0.1808
1589988350.6607811,250,255,61,254,89,3,112,1,113,1,160,253,253,255,255,255,0,0,248,16,246,255,149,1,191,44,171,245,122,246,140,43,0.2561,0.1281,0.1808
1589988350.670638,249,255,61,254,96,3,112,1,113,1,160,253,0,0,2,0,0,0,248,16,246,255,150,1,191,44,169,245,120,246,139,43,0.2669,0.1281,0.1808
1589988350.6856263,248,255,63,254,100,3,112,1,113,1,160,253,254,255,4,0,255,255,248,16,246,255,150,1,191,44,168,245,118,246,139,43,0.2747,0.1251,0.1857
1589988350.6915154,249,255,61,254,102,3,105,1,118,1,167,253,252,255,0,0,255,255,249,16,246,255,150,1,190,44,166,245,115,246,138,43,0.2747,0.1398,0.1857
1589988350.7004812,249,255,60,254,95,3,105,1,118,1,167,253,254,255,1,0,255,255,249,16,246,255,150,1,190,44,164,245,113,246,138,43,0.2747,0.1398,0.1828
1589988350.7120264,249,255,59,254,89,3,105,1,118,1,167,253,1,0,2,0,255,255,249,16,246,255,151,1,189,44,162,245,111,246,137,43,0.2708,0.1769,0.1867
1589988350.7211893,249,255,63,254,94,3,105,1,118,1,167,253,3,0,254,255,0,0,249,16,246,255,151,1,189,44,160,245,108,246,136,43,0.2708,0.1769,0.1867
1589988350.7336996,249,255,64,254,103,3,105,1,118,1,167,253,6,0,253,255,254,255,249,16,246,255,152,1,189,44,158,245,106,246,136,43,0.2991,0.1544,0.1848
1589988350.7425945,250,255,62,254,100,3,105,1,118,1,173,253,1,0,1,0,1,0,249,16,246,255,152,1,188,44,157,245,105,246,136,43,0.2962,0.1544,0.1848
1589988350.7512937,251,255,62,254,100,3,105,1,118,1,173,253,254,255,255,255,254,255,249,16,246,255,152,1,188,44,155,245,103,246,135,43,0.2962,0.1544,0.1857
1589988350.7647638,250,255,61,254,93,3,105,1,118,1,173,253,253,255,0,0,253,255,249,16,246,255,152,1,188,44,154,245,101,246,135,43,0.2981,0.1544,0.1848
1589988350.7705889,251,255,60,254,97,3,105,1,118,1,173,253,1,0,255,255,1,0,249,16,246,255,153,1,187,44,152,245,98,246,134,43,0.2981,0.1544,0.1848
1589988350.78402,249,255,61,254,99,3,105,1,118,1,173,253,254,255,254,255,3,0,249,16,246,255,153,1,187,44,150,245,96,246,134,43,0.2835,0.1544,0.1848
1589988350.790889,249,255,62,254,103,3,112,1,118,1,154,253,1,0,3,0,255,255,249,16,246,255,153,1,187,44,149,245,95,246,133,43,0.2835,0.1554,0.1789
1589988350.8010302,248,255,59,254,94,3,112,1,118,1,154,253,249,255,0,0,255,255,249,16,246,255,154,1,186,44,147,245,93,246,133,43,0.2864,0.1554,0.1789
1589988350.8108883,250,255,61,254,91,3,112,1,118,1,154,253,253,255,0,0,254,255,249,16,246,255,154,1,186,44,146,245,91,246,132,43,0.2864,0.1525,0.1769
1589988350.8249362,249,255,61,254,92,3,112,1,118,1,154,253,2,0,1,0,255,255,249,16,246,255,154,1,185,44,144,245,89,246,132,43,0.2522,0.2023,0.1828
1589988350.8339071,249,255,61,254,99,3,112,1,118,1,154,253,4,0,1,0,255,255,249,16,246,255,154,1,185,44,142,245,87,246,131,43,0.2522,0.2023,0.1828
1589988350.8449402,248,255,62,254,104,3,123,1,124,1,173,253,4,0,0,0,0,0,249,16,247,255,155,1,185,44,141,245,85,246,131,43,0.2942,0.1476,0.176
1589988350.8506944,248,255,62,254,100,3,123,1,124,1,173,253,2,0,2,0,255,255,249,16,247,255,155,1,185,44,140,245,84,246,131,43,0.2942,0.1476,0.176
1589988350.8632903,250,255,62,254,91,3,123,1,124,1,173,253,254,255,0,0,1,0,249,16,247,255,155,1,184,44,138,245,82,246,130,43,0.26,0.2043,0.1887
1589988350.8716927,250,255,62,254,94,3,123,1,124,1,173,253,0,0,255,255,2,0,249,16,247,255,155,1,184,44,137,245,80,246,130,43,0.26,0.2043,0.1887
1589988350.8835435,248,255,62,254,100,3,123,1,124,1,173,253,254,255,0,0,0,0,249,16,247,255,156,1,184,44,136,245,79,246,130,43,0.3021,0.2102,0.2473
1589988350.8968837,249,255,63,254,101,3,116,1,118,1,173,253,255,255,1,0,1,0,249,16,247,255,156,1,183,44,135,245,78,246,129,43,0.2639,0.1447,0.1887
1589988350.9034357,249,255,62,254,101,3,116,1,118,1,173,253,254,255,0,0,255,255,249,16,247,255,156,1,183,44,133,245,76,246,129,43,0.2639,0.1447,0.1887
1589988350.9163187,248,255,60,254,88,3,116,1,118,1,173,253,255,255,2,0,0,0,249,16,247,255,156,1,183,44,132,245,75,246,129,43,0.3431,0.1427,0.2336
1589988350.9222827,250,255,62,254,96,3,116,1,118,1,173,253,0,0,255,255,2,0,249,16,247,255,156,1,183,44,131,245,73,246,128,43,0.3431,0.1427,0.2336
1589988350.9382658,251,255,61,254,99,3,116,1,118,1,173,253,3,0,0,0,1,0,249,16,247,255,157,1,182,44,130,245,71,246,128,43,0.262,0.1408,0.1838
1589988350.944246,248,255,61,254,100,3,105,1,124,1,160,253,1,0,0,0,1,0,249,16,247,255,157,1,182,44,128,245,70,246,128,43,0.262,0.1408,0.1838
1589988350.955317,251,255,64,254,99,3,105,1,124,1,160,253,1,0,1,0,255,255,249,16,247,255,157,1,182,44,127,245,69,246,127,43,0.2669,0.1369,0.2884
1589988350.961658,249,255,61,254,92,3,105,1,124,1,160,253,0,0,255,255,0,0,249,16,247,255,157,1,182,44,126,245,67,246,127,43,0.2669,0.1369,0.2884
1589988350.9754963,248,255,61,254,97,3,105,1,124,1,160,253,254,255,254,255,254,255,249,16,247,255,157,1,181,44,125,245,66,246,127,43,0.262,0.1525,0.2102
1589988350.9840434,249,255,64,254,99,3,105,1,124,1,160,253,254,255,255,255,255,255,249,16,247,255,158,1,181,44,124,245,65,246,126,43,0.262,0.1525,0.2102
1589988350.9955301,249,255,63,254,101,3,99,1,118,1,154,253,1,0,252,255,1,0,249,16,247,255,158,1,181,44,123,245,63,246,126,43,0.2649,0.1672,0.2199
1589988351.0013163,250,255,60,254,103,3,99,1,118,1,154,253,0,0,253,255,1,0,249,16,247,255,158,1,181,44,122,245,62,246,126,43,0.2649,0.1672,0.2199
1589988351.0116675,249,255,61,254,92,3,99,1,118,1,154,253,255,255,253,255,0,0,249,16,247,255,158,1,180,44,121,245,61,246,125,43,0.261,0.1515,0.2199
1589988351.0218296,250,255,59,254,95,3,99,1,118,1,154,253,1,0,2,0,0,0,249,16,247,255,158,1,180,44,120,245,59,246,125,43,0.261,0.1515,0.2033
1589988351.0340436,249,255,60,254,99,3,99,1,118,1,154,253,2,0,2,0,1,0,249,16,247,255,159,1,180,44,118,245,58,246,125,43,0.2649,0.1789,0.1877
1589988351.0419056,249,255,63,254,101,3,112,1,113,1,186,253,4,0,254,255,1,0,249,16,247,255,159,1,180,44,117,245,57,246,124,43,0.2649,0.1789,0.1877
1589988351.0519426,249,255,62,254,94,3,112,1,113,1,186,253,4,0,0,0,255,255,249,16,247,255,159,1,179,44,116,245,56,246,124,43,0.261,0.1574,0.1877
1589988351.062119,249,255,63,254,90,3,112,1,113,1,186,253,1,0,254,255,1,0,249,16,247,255,159,1,179,44,115,245,54,246,124,43,0.261,0.1574,0.1877
1589988351.073174,247,255,61,254,96,3,112,1,113,1,186,253,255,255,255,255,1,0,249,16,247,255,159,1,179,44,114,245,53,246,124,43,0.2581,0.1867,0.1769
1589988351.088972,249,255,60,254,97,3,112,1,113,1,186,253,1,0,0,0,254,255,249,16,247,255,160,1,179,44,113,245,52,246,123,43,0.262,0.1593,0.1769
1589988351.094846,249,255,61,254,102,3,105,1,118,1,160,253,254,255,0,0,1,0,249,16,247,255,160,1,178,44,112,245,51,246,123,43,0.262,0.1593,0.1769
1589988351.102543,249,255,61,254,101,3,105,1,118,1,160,253,253,255,255,255,1,0,249,16,247,255,160,1,178,44,111,245,50,246,123,43,0.262,0.1593,0.1769
1589988351.1124492,249,255,62,254,90,3,105,1,118,1,160,253,2,0,1,0,0,0,249,16,247,255,160,1,178,44,110,245,49,246,123,43,0.2923,0.1613,0.1769
1589988351.1230562,250,255,61,254,92,3,105,1,118,1,160,253,2,0,254,255,1,0,249,16,247,255,160,1,178,44,109,245,48,246,122,43,0.262,0.1613,0.1769
1589988351.1349983,249,255,62,254,97,3,105,1,118,1,160,253,0,0,255,255,1,0,249,16,247,255,160,1,178,44,108,245,46,246,122,43,0.262,0.1662,0.1769
1589988351.1464493,249,255,61,254,102,3,105,1,124,1,154,253,0,0,0,0,1,0,249,16,247,255,161,1,177,44,108,245,45,246,122,43,0.3021,0.1691,0.1544
1589988351.1521654,249,255,61,254,102,3,105,1,124,1,154,253,3,0,0,0,1,0,249,16,247,255,161,1,177,44,107,245,45,246,122,43,0.3021,0.1691,0.1544
1589988351.1627295,249,255,62,254,91,3,105,1,124,1,154,253,2,0,255,255,253,255,249,16,247,255,161,1,177,44,106,245,43,246,121,43,0.261,0.1691,0.1544
1589988351.1728396,251,255,62,254,98,3,105,1,124,1,154,253,1,0,3,0,0,0,249,16,247,255,161,1,177,44,105,245,42,246,121,43,0.261,0.1544,0.1525
1589988351.1845896,249,255,59,254,98,3,105,1,124,1,154,253,255,255,3,0,0,0,249,16,247,255,161,1,177,44,104,245,41,246,121,43,0.2639,0.1544,0.1525
