time,acc_x,acc_y,acc_z,mag_x,mag_y,mag_z,gyr_x,gyr_y,gyr_z,ori_z,ori_y,ori_x,q,p1,p2,p3,A0,A1,A2
1589550632.8821445,-0.11,-4.14,8.81,0.49777777777777776,0.27,-0.6055555555555555,0.001090830782496456,-0.001090830782496456,-0.019634954084936207,4.7069348264722075,-0.015271630954950384,0.42869649752110717,-0.1557973290738761,-0.153072550655098,0.7034799095011212,0.6763224108497982,0.28598735499456934,0.32083268013065175,0.1211791944850637
1589550632.8913743,-0.11,-4.11,8.75,0.49777777777777776,0.27,-0.6055555555555555,0.001090830782496456,0.002181661564992912,-0.02399827721492203,4.708025657254704,-0.014180800172453926,0.42869649752110717,-0.15576053209452062,-0.15308152240188544,0.703381593110044,0.6764311041153632,0.28598735499456934,0.32083268013065175,0.1211791944850637
1589550632.9038744,-0.14,-4.12,8.81,0.49777777777777776,0.27,-0.6055555555555555,0.0032724923474893677,0.0,-0.02399827721492203,4.708025657254704,-0.014180800172453926,0.42869649752110717,-0.1557389132108765,-0.15307788554931337,0.703320285864724,0.6765006484540937,0.2876789338815911,0.4308257391109686,0.1228559813875263
1589550632.9107044,-0.12,-4.14,8.83,0.49,0.27,-0.6055555555555555,0.00545415391248228,0.002181661564992912,-0.0272707695624114,4.708025657254704,-0.014180800172453926,0.42869649752110717,-0.1557212914345959,-0.15304059628211641,0.7031835452962746,0.6766552718394487,0.2876789338815911,0.4308257391109686,0.1228559813875263
1589550632.9258418,-0.13,-4.15,8.82,0.49,0.27,-0.6055555555555555,0.00545415391248228,0.007635815477475192,-0.02617993877991494,4.708025657254704,-0.014180800172453926,0.42869649752110717,-0.15571340487745927,-0.15302915391677668,0.7031230639081151,0.6767225211218026,0.266019071416992,0.3642899190747107,0.1208422397568251
1589550632.9325368,-0.11,-4.16,8.75,0.49,0.27,-0.6055555555555555,0.004363323129985824,0.006544984694978735,-0.02617993877991494,4.708025657254704,-0.014180800172453926,0.42978732830360367,-0.15569253061958144,-0.15300324230258974,0.7030075337764412,0.6768531976785894,0.266019071416992,0.3642899190747107,0.1208422397568251
1589550632.9432356,-0.12,-4.15,8.8,0.49,0.27,-0.6055555555555555,0.006544984694978735,0.007635815477475192,-0.031634092692397225,4.709116488037201,-0.014180800172453926,0.42978732830360367,-0.15566752914651918,-0.1529863705413782,0.7028931156107632,0.6769815793838028,0.34953162930465587,0.27496052092173096,0.1221663692441251
1589550632.9547055,-0.14,-4.18,8.84,0.49,0.27,-0.6055555555555555,0.00545415391248228,0.00545415391248228,-0.02945243112740431,4.709116488037201,-0.014180800172453926,0.42978732830360367,-0.15565564740944768,-0.15299387748827042,0.7028165874678568,0.677062063078922,0.3593288242735007,0.27496052092173096,0.1221663692441251
1589550632.9612925,-0.15,-4.18,8.85,0.49,0.25555555555555554,-0.6055555555555555,0.001090830782496456,0.0032724923474893677,-0.03381575425739013,4.709116488037201,-0.014180800172453926,0.42978732830360367,-0.15560936745858328,-0.15302947662491412,0.7026629236031434,0.6772241282149709,0.3593288242735007,0.2016607393254627,0.1221663692441251
1589550632.9758706,-0.13,-4.13,8.85,0.49,0.25555555555555554,-0.6055555555555555,0.001090830782496456,-0.001090830782496456,-0.031634092692397225,4.7102073188196965,-0.014180800172453926,0.42978732830360367,-0.1555979921431244,-0.15305436743911993,0.7026030777256289,0.6772832056232556,0.33337121366189926,0.4778809308314024,0.11987490558893375
1589550632.9818227,-0.1,-4.16,8.78,0.49,0.25555555555555554,-0.6055555555555555,-0.0032724923474893677,-0.002181661564992912,-0.02945243112740431,4.7102073188196965,-0.01308996938995747,0.42978732830360367,-0.1555516651199914,-0.1530819464859997,0.7024644663299532,0.6774313771019392,0.33337121366189926,0.4778809308314024,0.1208422397568251
1589550632.9946182,-0.11,-4.2,8.81,0.49,0.25555555555555554,-0.6055555555555555,0.002181661564992912,-0.001090830782496456,-0.032724923474893676,4.7102073188196965,-0.01308996938995747,0.42978732830360367,-0.1555387346753954,-0.15309558967502535,0.702373844654616,0.6775252207724275,0.3269896237620402,0.34022226900883096,0.1185966191179411
1589550633.003886,-0.13,-4.24,8.84,0.49,0.25555555555555554,-0.6055555555555555,0.0,0.002181661564992912,-0.028361600344907853,4.7102073188196965,-0.01308996938995747,0.42978732830360367,-0.15553643731998687,-0.1530985952441174,0.702308268177847,0.6775930439792878,0.3269896237620402,0.34022226900883096,0.1185966191179411
1589550633.0116286,-0.15,-4.19,8.8,0.49777777777777776,0.26222222222222225,-0.5988888888888889,0.0,0.004363323129985824,-0.02399827721492203,4.711298149602193,-0.01308996938995747,0.42978732830360367,-0.15552118871181414,-0.15308952482765392,0.7022385129778209,0.6776708848256698,0.3248417572103921,0.34022226900883096,0.1185966191179411
1589550633.0227244,-0.13,-4.15,8.79,0.49777777777777776,0.26222222222222225,-0.5988888888888889,0.0032724923474893677,0.0032724923474893677,-0.01854412330243975,4.711298149602193,-0.01308996938995747,0.42978732830360367,-0.15549931328992678,-0.15311908128504637,0.7021789583408284,0.6777309355313315,0.3248417572103921,0.4863660959204594,0.11198401615871502
1589550633.0330935,-0.12,-4.13,8.72,0.49777777777777776,0.26222222222222225,-0.5988888888888889,-0.001090830782496456,-0.0032724923474893677,-0.017453292519943295,4.711298149602193,-0.01308996938995747,0.42978732830360367,-0.15547075553765394,-0.15316749884077654,0.7021184739699052,0.677789207631387,0.33337121366189926,0.36695276956707285,0.11198401615871502
1589550633.0421472,-0.12,-4.12,8.72,0.49777777777777776,0.26222222222222225,-0.5988888888888889,-0.0032724923474893677,-0.007635815477475192,-0.020725784867432664,4.711298149602193,-0.01308996938995747,0.42978732830360367,-0.15543675295543732,-0.15325397247764466,0.7020152596855878,0.6778843639729923,0.33337121366189926,0.36695276956707285,0.11283535227748562
1589550633.0540178,-0.08,-4.1,8.83,0.49777777777777776,0.26222222222222225,-0.5988888888888889,-0.006544984694978735,-0.008726646259971648,-0.02617993877991494,4.711298149602193,-0.01308996938995747,0.42978732830360367,-0.15540578262222798,-0.15331408594835721,0.7019234395982923,0.6779729483688084,0.33337121366189926,0.4956071854791829,0.12457667438302403
1589550633.061954,-0.09,-4.08,8.87,0.47555555555555556,0.27,-0.5988888888888889,-0.00545415391248228,-0.008726646259971648,-0.03490658503988659,4.71238898038469,-0.01308996938995747,0.42978732830360367,-0.15536405944381146,-0.15338058605198984,0.7017608669797895,0.6781357463157816,0.33337121366189926,0.4956071854791829,0.12457667438302403
1589550633.0730102,-0.09,-4.14,8.85,0.47555555555555556,0.27,-0.5988888888888889,-0.0032724923474893677,-0.004363323129985824,-0.04363323129985824,4.71238898038469,-0.01308996938995747,0.42978732830360367,-0.15533604037927445,-0.1534298305768492,0.7016213044881486,0.6782754210029996,0.35199575785121906,0.4650333589250033,0.12457667438302403
1589550633.0821605,-0.11,-4.26,8.76,0.47555555555555556,0.27,-0.5988888888888889,-0.0032724923474893677,-0.002181661564992912,-0.044724062082354694,4.71238898038469,-0.011999138607461015,0.42978732830360367,-0.1552945718835766,-0.15348873235692553,0.7014584327970951,0.6784400283302894,0.35199575785121906,0.4650333589250033,0.11954469151589853
1589550633.0935144,-0.12,-4.22,8.82,0.47555555555555556,0.27,-0.5988888888888889,-0.002181661564992912,-0.0032724923474893677,-0.042542400517361786,4.713479811167186,-0.011999138607461015,0.42978732830360367,-0.15526239747943593,-0.153503982112858,0.7013349278119698,0.6785716133433612,0.34953162930465587,0.4381793078164114,0.1228559813875263
1589550633.1051135,-0.13,-4.18,8.85,0.47555555555555556,0.27,-0.5988888888888889,0.002181661564992912,0.001090830782496456,-0.031634092692397225,4.713479811167186,-0.011999138607461015,0.42978732830360367,-0.15525336046774826,-0.15350822824485535,0.701256116946437,0.6786541655142196,0.34022226900883096,0.4381793078164114,0.1228559813875263
1589550633.1122856,-0.12,-4.18,8.82,0.49,0.27,-0.62,0.001090830782496456,0.004363323129985824,-0.031634092692397225,4.713479811167186,-0.011999138607461015,0.42978732830360367,-0.15525249283122655,-0.15353307820361575,0.7011178696650747,0.6787915660961912,0.34022226900883096,0.4381793078164114,0.1228559813875263
1589550633.1277552,-0.06,-4.13,8.81,0.49,0.27,-0.62,-0.002181661564992912,0.0032724923474893677,-0.025089107997418484,4.714570641949683,-0.011999138607461015,0.42978732830360367,-0.15524640306401477,-0.15353946536223742,0.7010692830059899,0.6788416953439371,0.3379095440748334,0.4381793078164114,0.1228559813875263
1589550633.13387,-0.06,-4.13,8.73,0.49,0.27,-0.62,0.0,0.002181661564992912,-0.022907446432425576,4.714570641949683,-0.011999138607461015,0.42978732830360367,-0.15522773624264682,-0.15355877139189458,0.7009633967169745,0.6789509334941638,0.3379095440748334,0.4381793078164114,0.1228559813875263
1589550633.1467314,-0.09,-4.16,8.77,0.49,0.27,-0.62,0.0,0.001090830782496456,-0.02399827721492203,4.714570641949683,-0.011999138607461015,0.42978732830360367,-0.15523352560539394,-0.15359612434247083,0.700873859880705,0.6790335894865686,0.3567681567603077,0.4381793078164114,0.1228559813875263
1589550633.1561813,-0.13,-4.17,8.78,0.49,0.27,-0.62,-0.006544984694978735,0.001090830782496456,-0.02617993877991494,4.714570641949683,-0.011999138607461015,0.42978732830360367,-0.1552264681663636,-0.1536939452494485,0.7007893426773592,0.6791002959534704,0.3567681567603077,0.4381793078164114,0.1228559813875263
1589550633.1672275,-0.13,-4.2,8.86,0.49777777777777776,0.26222222222222225,-0.5988888888888889,-0.011999138607461015,-0.008726646259971648,-0.02181661564992912,4.715661472732179,-0.01090830782496456,0.4308781590861001,-0.15521919719042243,-0.15374891649535474,0.7007500286713902,0.6791300823974086,0.3567681567603077,0.4308257391109686,0.1228559813875263
1589550633.1730587,-0.13,-4.17,8.82,0.49777777777777776,0.26222222222222225,-0.5988888888888889,-0.011999138607461015,-0.01090830782496456,-0.019634954084936207,4.715661472732179,-0.01090830782496456,0.4308781590861001,-0.15518419600453462,-0.15385608765983602,0.7006863427132175,0.6791795187839593,0.3567681567603077,0.4308257391109686,0.1228559813875263
1589550633.185279,-0.11,-4.14,8.74,0.49777777777777776,0.26222222222222225,-0.5988888888888889,-0.008726646259971648,-0.01308996938995747,-0.016362461737446838,4.715661472732179,-0.01090830782496456,0.4308781590861001,-0.15514876410081183,-0.1539457260202819,0.7006521414229153,0.6792025847694941,0.3291641949951565,0.4240506381044018,0.1228559813875263
1589550633.1935608,-0.06,-4.07,8.81,0.49777777777777776,0.26222222222222225,-0.5988888888888889,-0.009817477042468103,-0.01854412330243975,-0.014180800172453926,4.715661472732179,-0.01090830782496456,0.4308781590861001,-0.15511874654297447,-0.15404396133107381,0.7005678831782802,0.6792740783420714,0.3291641949951565,0.4240506381044018,0.1228559813875263
1589550633.2052152,-0.06,-4.05,8.79,0.49777777777777776,0.26222222222222225,-0.5988888888888889,-0.008726646259971648,-0.01090830782496456,-0.02181661564992912,4.715661472732179,-0.01090830782496456,0.4308781590861001,-0.15509662536972374,-0.15410405558876303,0.7005004925910346,0.6793349959554099,0.3227201175914994,0.45722582472554457,0.1228559813875263
1589550633.2126336,-0.05,-4.03,8.83,0.5022222222222222,0.27,-0.62,-0.007635815477475192,-0.009817477042468103,-0.0272707695624114,4.715661472732179,-0.01090830782496456,0.4308781590861001,-0.15505557065180986,-0.15418196973274015,0.700349232431935,0.6794826288075168,0.3227201175914994,0.45722582472554457,0.12320352300403808
1589550633.2254903,-0.02,-4.05,8.86,0.5022222222222222,0.27,-0.62,-0.004363323129985824,-0.00545415391248228,-0.03490658503988659,4.716752303514675,-0.01090830782496456,0.4308781590861001,-0.15503825682431166,-0.15422218295535267,0.7002471421737823,0.6795826639069121,0.34022226900883096,0.461304233506186,0.1228559813875263
1589550633.2330458,-0.09,-4.16,8.7,0.5022222222222222,0.27,-0.62,-0.004363323129985824,-0.002181661564992912,-0.039269908169872414,4.716752303514675,-0.009817477042468103,0.4308781590861001,-0.1550084663405113,-0.15428995739787213,0.7001185669150958,0.679706537168562,0.34022226900883096,0.461304233506186,0.1228559813875263
1589550633.243248,-0.06,-4.15,8.79,0.5022222222222222,0.27,-0.62,-0.00545415391248228,-0.00545415391248228,-0.0370882466048795,4.716752303514675,-0.009817477042468103,0.4308781590861001,-0.15497970035941408,-0.1543809638331667,0.6999555087348057,0.679860350567856,0.28431427739652515,0.45722582472554457,0.1228559813875263
1589550633.2553198,-0.06,-4.08,8.83,0.5022222222222222,0.27,-0.62,-0.007635815477475192,-0.00545415391248228,-0.039269908169872414,4.717843134297172,-0.009817477042468103,0.4308781590861001,-0.15494839232151073,-0.15451169260142758,0.6998708762826349,0.6799249143087771,0.28431427739652515,0.45722582472554457,0.122510268153712
1589550633.2634213,-0.27,-3.67,8.97,0.48333333333333334,0.26222222222222225,-0.6266666666666667,-0.01854412330243975,-0.02181661564992912,-0.031634092692397225,4.717843134297172,-0.009817477042468103,0.4308781590861001,-0.1548887756522772,-0.15500909553778242,0.6999009621667182,0.6797943002376523,0.25231358798780756,0.4492681034496481,0.122510268153712
1589550633.2783566,-0.29,-3.32,9.03,0.48333333333333334,0.26222222222222225,-0.6266666666666667,-0.044724062082354694,-0.0545415391248228,0.0032724923474893677,4.717843134297172,-0.008726646259971648,0.4308781590861001,-0.15494193409489126,-0.1551265740877651,0.7000025670801364,0.6796507552794646,0.31468770072761004,0.316711414149526,0.12151791005063022
1589550633.2843163,-0.4,-3.07,8.65,0.48333333333333334,0.26222222222222225,-0.6266666666666667,-0.042542400517361786,-0.0272707695624114,0.053450708342326333,4.716752303514675,-0.008726646259971648,0.4319689898685966,-0.15504358938529947,-0.15534817837753054,0.7003819826114526,0.6791859151208574,0.31468770072761004,0.316711414149526,0.12151791005063022
1589550633.2939866,-0.21,-3.18,8.86,0.48333333333333334,0.26222222222222225,-0.6266666666666667,-0.05017821599483697,-0.04363323129985824,0.11671889372712078,4.715661472732179,-0.008726646259971648,0.4319689898685966,-0.15517651565666482,-0.15540538387574088,0.7009789610418921,0.6785262793935988,0.31468770072761004,0.316711414149526,0.12151791005063022
1589550633.3053286,-0.29,-3.02,8.88,0.48333333333333334,0.26222222222222225,-0.6266666666666667,-0.02617993877991494,-0.025089107997418484,0.15489797111449674,4.714570641949683,-0.009817477042468103,0.4319689898685966,-0.15536965119858867,-0.15529416351327482,0.701876958710947,0.6775785778017283,0.26883851941761866,0.3269896237620402,0.12320352300403808
1589550633.3173056,-0.4,-2.83,8.86,0.49777777777777776,0.26222222222222225,-0.6144444444444445,-0.011999138607461015,-0.01308996938995747,0.2203478180642841,4.71238898038469,-0.01090830782496456,0.4319689898685966,-0.15554083818710818,-0.1551515198557236,0.7027799672057687,0.6766353310585914,0.26883851941761866,0.4823119900107394,0.122510268153712
1589550633.3240972,-0.24,-2.85,8.87,0.49777777777777776,0.26222222222222225,-0.6144444444444445,-0.007635815477475192,-0.020725784867432664,0.3894265893512348,4.708025657254704,-0.011999138607461015,0.4319689898685966,-0.15591821431410216,-0.15468879091700957,0.7050568461712299,0.6742816415095507,0.26883851941761866,0.4823119900107394,0.122510268153712
1589550633.3371222,-0.18,-2.77,8.75,0.49777777777777776,0.26222222222222225,-0.6144444444444445,0.006544984694978735,-0.02181661564992912,0.5105088062083414,4.703662334124718,-0.014180800172453926,0.4319689898685966,-0.15612566951902837,-0.15441986656544301,0.7062550446796203,0.6730401860154663,0.26883851941761866,0.4863660959204594,0.11198401615871502
1589550633.3430333,-0.23,-2.85,8.71,0.49777777777777776,0.26222222222222225,-0.6144444444444445,0.01308996938995747,-0.017453292519943295,0.5945027764605685,4.697117349429739,-0.016362461737446838,0.4319689898685966,-0.1567226022170691,-0.1537485296653863,0.7097667164205903,0.6693508973935683,0.26883851941761866,0.4863660959204594,0.11198401615871502
1589550633.3585837,-0.22,-2.86,8.9,0.49777777777777776,0.26222222222222225,-0.6144444444444445,0.002181661564992912,-0.031634092692397225,0.6643159465403417,4.690572364734761,-0.01854412330243975,0.4319689898685966,-0.15693206056354445,-0.1534979936157258,0.7110525880659723,0.6679931970670878,0.2674960623211152,0.41713108403018173,0.12320352300403808
1589550633.3638027,-0.16,-2.81,8.89,0.47555555555555556,0.2822222222222222,-0.6144444444444445,0.007635815477475192,-0.03599741582238304,0.7264933011426397,4.684027380039781,-0.020725784867432664,0.4319689898685966,-0.15749218043090119,-0.15281957392083845,0.7144503616757326,0.664381721325315,0.2674960623211152,0.41713108403018173,0.12320352300403808
1589550633.376575,-0.23,-2.99,8.92,0.47555555555555556,0.2822222222222222,-0.6144444444444445,0.007635815477475192,-0.0370882466048795,0.7875798249624412,4.676391564562307,-0.02399827721492203,0.42869649752110717,-0.15790072418353882,-0.1523486668014731,0.7167593860531304,0.6619012218834982,0.3227201175914994,0.42056425696985505,0.12386894025280185
1589550633.384741,-0.25,-3.0,8.82,0.47555555555555556,0.2822222222222222,-0.6144444444444445,0.006544984694978735,-0.03381575425739013,0.8432121948697604,4.667664918302335,-0.0272707695624114,0.4265148359561142,-0.15840381810729304,-0.1517347641897787,0.7196781221549984,0.6587474419204671,0.3227201175914994,0.42056425696985505,0.12386894025280185
1589550633.394444,-0.21,-2.87,8.65,0.47555555555555556,0.2822222222222222,-0.6144444444444445,0.01090830782496456,-0.03599741582238304,0.8999353955595761,4.658938272042364,-0.030543261909900768,0.42433317439112134,-0.1590541626691145,-0.15103040999558612,0.7237438168020219,0.6542831774048856,0.2962453376934545,0.45321431320689676,0.12386894025280185
1589550633.4074216,-0.27,-2.94,9.05,0.47555555555555556,0.2822222222222222,-0.6144444444444445,-0.002181661564992912,-0.05999569303730508,0.940296134511945,4.650211625782392,-0.032724923474893676,0.421060682043632,-0.15945022282788246,-0.15055843150079762,0.7259129727107053,0.6518881354914086,0.2962453376934545,0.45321431320689676,0.12489762636131138
1589550633.414009,-0.39,-2.95,8.72,0.49,0.27,-0.62,0.008726646259971648,-0.03381575425739013,0.9981101659842572,4.640394148739923,-0.0370882466048795,0.41887902047863906,-0.160061566477086,-0.1498765779478527,0.7295421231356518,0.6478314571632563,0.3291641949951565,0.4457710691193347,0.12489762636131138
1589550633.4244266,-0.46,-3.05,8.96,0.49,0.27,-0.62,-0.001090830782496456,-0.05781403147231216,1.0581058590215624,4.62948584091496,-0.04036073895236887,0.4177881896961426,-0.16082527667447136,-0.1490049497357882,0.734183360719843,0.64257882643216,0.3291641949951565,0.4457710691193347,0.12422186501669152
1589550633.4371138,-0.44,-2.98,8.84,0.49,0.27,-0.62,-0.001090830782496456,-0.0643590161672909,1.1181015520588673,4.6185775330899945,-0.04363323129985824,0.41560652813114973,-0.16165383674420594,-0.1480039077891555,0.7390453206468532,0.6370046266511781,0.29969651553482884,0.36192406818273803,0.1277826025509433
1589550633.4498482,-0.48,-3.05,8.89,0.49,0.27,-0.62,0.004363323129985824,-0.056723200689815706,1.1780972450961724,4.606578394482534,-0.04799655442984406,0.4134248665661568,-0.16215607505420232,-0.14734302493794726,0.7419947341913543,0.6335923411448824,0.33337121366189926,0.4042283755220455,0.12704052507623553
1589550633.457256,-0.48,-3.03,8.79,0.49,0.27,-0.62,0.014180800172453926,-0.05126904677733343,1.237002107350981,4.594579255875072,-0.05235987755982988,0.41233403578366035,-0.16263296089444135,-0.1467061872742809,0.7448602970954695,0.6302467393465832,0.33337121366189926,0.4042283755220455,0.12704052507623553
1589550633.4641922,-0.52,-3.0,8.9,0.51,0.2288888888888889,-0.6344444444444445,0.014180800172453926,-0.05781403147231216,1.2893619849108109,4.582580117267612,-0.056723200689815706,0.41015237421866746,-0.1634776440388987,-0.14565251925903247,0.7497344404465691,0.62446671035473,0.33337121366189926,0.4042283755220455,0.12704052507623553
1589550633.4755735,-0.56,-3.13,8.95,0.51,0.2288888888888889,-0.6344444444444445,0.004363323129985824,-0.061086523819801536,1.3482668471656194,4.569490147877654,-0.061086523819801536,0.409061543436171,-0.16424200320668744,-0.14466262238176616,0.7542310836523841,0.6190579637811272,0.3696522432444459,0.39510843012815433,0.11198401615871502
1589550633.4857163,-0.54,-3.13,8.78,0.51,0.2288888888888889,-0.6344444444444445,0.006544984694978735,-0.06544984694978735,1.4071717094204281,4.5553093477052,-0.06654067773228381,0.40687988187117813,-0.16490519252539304,-0.14378325477679205,0.7583707403461662,0.6140085286954593,0.33337121366189926,0.39510843012815433,0.11198401615871502
1589550633.494783,-0.51,-3.12,9.1,0.51,0.2288888888888889,-0.6344444444444445,0.004363323129985824,-0.08072147790473774,1.4584407561977617,4.541128547532746,-0.07090400086226964,0.40578905108868163,-0.16588651364675946,-0.14242075323141615,0.7639418256777533,0.6071168591130218,0.33337121366189926,0.42056425696985505,0.1277826025509433
1589550633.5068715,-0.55,-3.07,8.71,0.51,0.2288888888888889,-0.6344444444444445,0.015271630954950384,-0.0545415391248228,1.4911656796726551,4.526947747360293,-0.07635815477475191,0.4036073895236887,-0.16646012871568452,-0.14157737134293136,0.7674799859869704,0.6026784752926081,0.33136596019053416,0.42056425696985505,0.1277826025509433
1589550633.5144641,-0.61,-3.15,9.08,0.51,0.20444444444444446,-0.6344444444444445,0.016362461737446838,-0.07090400086226964,1.5173456184525702,4.511676116405342,-0.08072147790473774,0.4025165587411922,-0.1674820619303582,-0.14013504327426635,0.7737778702370637,0.5946257109387963,0.33136596019053416,0.4650333589250033,0.13269048495371716
1589550633.527908,-0.63,-3.03,8.7,0.51,0.20444444444444446,-0.6344444444444445,0.00545415391248228,-0.07963064712224129,1.541343895667492,4.496404485450391,-0.08617563181722002,0.4003348971761993,-0.16804351637353004,-0.13929572183054598,0.7773108140873977,0.5900389620926005,0.3269896237620402,0.4650333589250033,0.13345515007183678
1589550633.5353706,-0.64,-3.13,8.78,0.51,0.20444444444444446,-0.6344444444444445,0.01090830782496456,-0.08072147790473774,1.5729779883598896,4.481132854495441,-0.0916297857297023,0.39924406639370286,-0.16877067956095163,-0.13817469677300057,0.7821203478279284,0.5837053815117217,0.3269896237620402,0.4650333589250033,0.13345515007183678
1589550633.5455015,-0.63,-3.1,8.91,0.51,0.20444444444444446,-0.6344444444444445,0.008726646259971648,-0.0916297857297023,1.5893404500973365,4.46586122354049,-0.09599310885968812,0.39706240482870997,-0.1696851387129188,-0.13679656049176506,0.787645924154429,0.5762877344699567,0.33337121366189926,0.45321431320689676,0.13345515007183678
1589550633.5573206,-0.71,-3.12,8.85,0.51,0.20444444444444446,-0.6344444444444445,0.008726646259971648,-0.074176493209759,1.5882496193148399,4.4505895925855405,-0.10144726277217041,0.394880743263717,-0.17045533919269862,-0.13555547261781986,0.7923171187313726,0.5699151467975543,0.33337121366189926,0.45321431320689676,0.13922219991869933
1589550633.5674708,-0.77,-3.18,8.87,0.5422222222222223,0.19666666666666666,-0.62,0.017453292519943295,-0.06763150851478027,1.581704634619861,4.43531796163059,-0.10581058590215622,0.3937899124812206,-0.1710495653718296,-0.13457829763356274,0.7960079328954207,0.5648027078190402,0.27496052092173096,0.44194471376482086,0.13922219991869933
1589550633.575661,-0.86,-3.16,8.92,0.5422222222222223,0.19666666666666666,-0.62,0.015271630954950384,-0.07199483164476608,1.5631605113174214,4.42004633067564,-0.1112647398146385,0.3916082509162277,-0.17185155522886675,-0.13330429377822423,0.8008993415081417,0.5579043403644878,0.27496052092173096,0.44194471376482086,0.13922219991869933
1589550633.586646,-0.86,-3.12,8.79,0.5422222222222223,0.19666666666666666,-0.62,0.006544984694978735,-0.074176493209759,1.562069680534925,4.404774699720689,-0.11671889372712078,0.3894265893512348,-0.17246383376048546,-0.13228973105741698,0.8047196064934955,0.5524328086078392,0.33337121366189926,0.461304233506186,0.13467942577200356
1589550633.5952833,-0.95,-3.14,8.85,0.5422222222222223,0.19666666666666666,-0.62,0.008726646259971648,-0.07635815477475191,1.5675238344474072,4.389503068765738,-0.12108221685710661,0.38724492778624187,-0.17332286955852516,-0.13085767471732265,0.810136314502432,0.5445315452570131,0.33337121366189926,0.461304233506186,0.13467942577200356
1589550633.6076055,-0.96,-3.09,8.97,0.5422222222222223,0.19666666666666666,-0.62,0.004363323129985824,-0.08072147790473774,1.576250480707379,4.3742314378107885,-0.1265363707695889,0.3850632662212489,-0.17389552180312964,-0.12984804454510623,0.8137430326841568,0.5391865257799202,0.33136596019053416,0.30895340572783037,0.13386092280974132
1589550633.6158745,-1.0,-3.16,8.9,0.5555555555555556,0.14333333333333334,-0.6488888888888888,0.011999138607461015,-0.07526732399225547,1.5827954654023577,4.357868976073341,-0.1308996938995747,0.38288160465625604,-0.1746756302777887,-0.1284526610818603,0.8186095646935433,0.5318521586308493,0.33136596019053416,0.30895340572783037,0.13386092280974132
1589550633.6271508,-1.02,-3.11,8.86,0.5555555555555556,0.14333333333333334,-0.6488888888888888,0.011999138607461015,-0.07308566242726255,1.5849771269673507,4.342597345118391,-0.13635384781205698,0.38069994309126315,-0.17553674963688318,-0.12686316903342926,0.8242117199182512,0.523228082789057,0.3248417572103921,0.34022226900883096,0.13345515007183678
1589550633.6404462,-1.1,-3.17,8.86,0.5555555555555556,0.14333333333333334,-0.6488888888888888,0.007635815477475192,-0.08072147790473774,1.5686146652299036,4.3273257141634405,-0.1407171709420428,0.3785182815262702,-0.17592603759300723,-0.12614705119381928,0.8266437019162696,0.5194200042875646,0.32083268013065175,0.5569797040159007,0.15641181754104982
1589550633.6463182,-1.1,-3.06,8.8,0.5555555555555556,0.14333333333333334,-0.6488888888888888,0.008726646259971648,-0.07308566242726255,1.562069680534925,4.312054083208491,-0.14508049407202864,0.3763366199612773,-0.17674574603782903,-0.12464584612405902,0.8316525482475442,0.5114473514399254,0.32083268013065175,0.5569797040159007,0.15641181754104982
1589550633.6586356,-1.12,-3.03,8.73,0.5555555555555556,0.14333333333333334,-0.6488888888888888,0.006544984694978735,-0.06981317007977318,1.5522522034924569,4.29678245225354,-0.15053464798451094,0.3741549583962844,-0.17713688926360396,-0.12382642815975983,0.8343689465805384,0.5070680419167554,0.3248417572103921,0.5569797040159007,0.15641181754104982
1589550633.6654346,-1.25,-3.2,8.95,0.5611111111111111,0.11333333333333333,-0.6411111111111111,0.01308996938995747,-0.08290313946973066,1.5369805725375063,4.282601652081086,-0.15489797111449674,0.3719732968312915,-0.17793885019404984,-0.1222047187639719,0.8394865093742586,0.4986643890253857,0.3248417572103921,0.6654759164079067,0.11639643434847262
1589550633.6787214,-1.25,-3.09,8.83,0.5611111111111111,0.11333333333333333,-0.6411111111111111,0.01308996938995747,-0.06872233929727672,1.5042556490626129,4.267330021126136,-0.15926129424448257,0.3687008044838021,-0.17836920588790114,-0.12131894827999354,0.8422252917359301,0.49408774234895075,0.33136596019053416,0.4381793078164114,0.24468277624217724
1589550633.6860526,-1.22,-3.02,8.86,0.5611111111111111,0.11333333333333333,-0.6411111111111111,0.01308996938995747,-0.06654067773228381,1.4780757102826978,4.253149220953682,-0.1636246173744684,0.3665191429188092,-0.17909930824693227,-0.1197756215331027,0.8469055262706715,0.4861360589835177,0.33136596019053416,0.4381793078164114,0.24468277624217724
1589550633.6989744,-1.27,-2.97,8.88,0.5611111111111111,0.11333333333333333,-0.6411111111111111,0.01308996938995747,-0.06544984694978735,1.4508049407202865,4.2389684207812275,-0.1679879405044542,0.3643374813538163,-0.1795412833209264,-0.11883445167361159,0.8499507745521312,0.4808606674673432,0.33337121366189926,0.4778809308314024,0.2033370395994728
1589550633.7077706,-1.21,-2.9,8.97,0.5611111111111111,0.11333333333333333,-0.6411111111111111,0.0,-0.07853981633974483,1.4028083862904424,4.224787620608773,-0.1712604328519436,0.3610649890063269,-0.17993788424474852,-0.11794485018738905,0.8526894484084699,0.4760588983525643,0.33337121366189926,0.4778809308314024,0.2033370395994728
1589550633.7160382,-1.35,-3.0,8.97,0.5544444444444444,0.08,-0.6622222222222223,0.006544984694978735,-0.07199483164476608,1.3559026626430948,4.211697651218817,-0.17453292519943295,0.358883327441334,-0.18040220182000252,-0.11685055018535756,0.8559317363084025,0.4702997525833475,0.3269896237620402,0.4778809308314024,0.2033370395994728
1589550633.7262757,-1.38,-2.96,8.96,0.5544444444444444,0.08,-0.6622222222222223,0.01090830782496456,-0.06763150851478027,1.3100877697782436,4.199698512611356,-0.17889624832941878,0.3567016658763411,-0.18098261643880884,-0.11557478816563702,0.859570076220981,0.46371008718043666,0.3269896237620402,0.4275914443905159,0.29445862267704453
1589550633.7383766,-1.38,-2.89,8.77,0.5544444444444444,0.08,-0.6622222222222223,0.008726646259971648,-0.0545415391248228,1.2642728769133924,4.186608543221398,-0.18216874067690814,0.3534291735288517,-0.1813646656755752,-0.11473480713829795,0.8617687215738308,0.45967102648778063,0.33337121366189926,0.4778809308314024,0.25231358798780756
1589550633.7460847,-1.4,-2.81,8.59,0.5544444444444444,0.08,-0.6622222222222223,0.017453292519943295,-0.038179077387375956,1.2162763224835484,4.174609404613937,-0.1854412330243975,0.35124751196385884,-0.18177353017389403,-0.11363960023188362,0.8650957093699105,0.45349072605404994,0.33337121366189926,0.4778809308314024,0.25231358798780756
1589550633.7584019,-1.33,-2.76,9.13,0.5544444444444444,0.08,-0.6622222222222223,0.002181661564992912,-0.074176493209759,1.153008137098754,4.163701096788972,-0.18762289458939044,0.3490658503988659,-0.1820340458466953,-0.11299708714680234,0.8669318934123534,0.45002706211237264,0.3291641949951565,0.44194471376482086,0.3015432709413334
1589550633.7656908,-1.37,-2.73,8.72,0.5455555555555556,0.06,-0.6844444444444444,0.004363323129985824,-0.05781403147231216,1.0908307824964558,4.152792788964008,-0.18980455615438332,0.3457933580513765,-0.18247766932722753,-0.11202931465543785,0.8693777715732578,0.4453466325785483,0.3291641949951565,0.44194471376482086,0.3015432709413334
1589550633.7761712,-1.5,-2.77,8.67,0.5455555555555556,0.06,-0.6844444444444444,0.011999138607461015,-0.02945243112740431,1.0275625971116615,4.14297531192154,-0.19307704850187268,0.3436116964863836,-0.18277209478366563,-0.11111511816991496,0.8723090005136237,0.43968716095128335,0.33337121366189926,0.3805443575158459,0.3015432709413334
1589550633.7896044,-1.5,-2.8,9.05,0.5455555555555556,0.06,-0.6844444444444444,-0.006544984694978735,-0.07526732399225547,0.9566585962493918,4.134248665661568,-0.19525871006686563,0.34143003492139073,-0.1829191515081594,-0.11068564823463654,0.8737151201789424,0.4369338165639153,0.34953162930465587,0.3805443575158459,0.2589969441304213
1589550633.7965353,-1.55,-2.8,9.01,0.5455555555555556,0.06,-0.6844444444444444,-0.01090830782496456,-0.07090400086226964,0.8988445647770796,4.125522019401597,-0.19634954084936207,0.3392483733563978,-0.18335631294196594,-0.10961837648395645,0.8761370154798629,0.43214373088983726,0.34953162930465587,0.4381793078164114,0.2589969441304213
1589550633.8093345,-1.73,-2.89,8.78,0.5455555555555556,0.06,-0.6844444444444444,0.020725784867432664,-0.019634954084936207,0.8573929950422143,4.116795373141624,-0.19853120241435498,0.33706671179140485,-0.18359595804372858,-0.10903025448161657,0.877507816775871,0.4294006978277095,0.3593288242735007,0.4381793078164114,0.3187595953260988
1589550633.8170266,-1.64,-2.84,9.07,0.5522222222222222,0.02666666666666667,-0.7055555555555556,0.015271630954950384,-0.022907446432425576,0.8137597637423563,4.1091595576641495,-0.20071286397934787,0.33488505022641196,-0.18395976937145397,-0.10816620855137549,0.8797598979801955,0.4248310210969745,0.3593288242735007,0.3805443575158459,0.3470995556283895
1589550633.8305626,-1.64,-2.8,8.85,0.5522222222222222,0.02666666666666667,-0.7055555555555556,0.001090830782496456,-0.032724923474893676,0.7646723785300156,4.101523742186674,-0.20289452554434081,0.3337942194439155,-0.18372476772702076,-0.10760467549697596,0.880823752772553,0.42286636197091776,0.26040171388951255,0.39510843012815433,0.3128869263878623
1589550633.8369641,-1.75,-2.92,8.9,0.5522222222222222,0.02666666666666667,-0.7055555555555556,0.002181661564992912,-0.03381575425739013,0.7112216701876892,4.094978757491695,-0.20507618710933373,0.33161255787892263,-0.18397844467703253,-0.10691428336155727,0.882713941184799,0.4189717961217724,0.26040171388951255,0.39510843012815433,0.3128869263878623
1589550633.8503642,-1.87,-2.98,8.92,0.5522222222222222,0.02666666666666667,-0.7055555555555556,-0.0032724923474893677,-0.03599741582238304,0.6544984694978736,4.088433772796717,-0.20616701789183017,0.33052172709642613,-0.18414505534535427,-0.10649061458528693,0.8837853000289965,0.4167419957836756,0.33136596019053416,0.34232915890069343,0.3128869263878623
1589550633.858535,-1.83,-2.91,8.82,0.5522222222222222,0.02666666666666667,-0.7055555555555556,0.001090830782496456,-0.02617993877991494,0.6152285613280012,4.081888788101738,-0.20725784867432664,0.3294308963139297,-0.18435037763942325,-0.10592162339150622,0.8852854690421744,0.4136002735312045,0.33136596019053416,0.34232915890069343,0.31468770072761004
1589550633.8708384,-1.78,-2.8,8.93,0.5577777777777778,0.0,-0.7322222222222222,-0.002181661564992912,-0.02945243112740431,0.5737769915931358,4.076434634189257,-0.20943951023931953,0.32834006553143325,-0.18444424574479956,-0.10569047132305998,0.885999334526546,0.41208618479834885,0.25500212132341,0.4308257391109686,0.31468770072761004
1589550633.8771436,-1.77,-2.74,8.98,0.5577777777777778,0.0,-0.7322222222222222,-0.01308996938995747,-0.03490658503988659,0.5355979142057599,4.0709804802767735,-0.210530341021816,0.3272492347489368,-0.18459466519175266,-0.10528189602878106,0.8870963264113604,0.4097568054575774,0.25500212132341,0.4308257391109686,0.31468770072761004
1589550633.8873177,-1.8,-2.79,9.01,0.5577777777777778,0.0,-0.7322222222222222,-0.004363323129985824,-0.0272707695624114,0.5126904677733343,4.066617157146788,-0.21162117180431245,0.32615840396644036,-0.18483020293174648,-0.10475335493502214,0.8880610071650347,0.40769127813468237,0.2674960623211152,0.4308257391109686,0.31468770072761004
1589550633.8967078,-1.81,-2.78,8.71,0.5577777777777778,0.0,-0.7322222222222222,0.01854412330243975,0.007635815477475192,0.5006913291658732,4.061163003234306,-0.2127120025868089,0.3239767424014474,-0.18509627304003348,-0.10416845731373478,0.8892113202952078,0.4052055405179194,0.2674960623211152,0.3723890828255631,0.3187595953260988
1589550633.9089909,-1.77,-2.68,8.74,0.5577777777777778,0.0,-0.7322222222222222,0.009817477042468103,0.002181661564992912,0.45814892864851153,4.056799680104319,-0.21380283336930533,0.32288591161895097,-0.18516260665952713,-0.1039508979311639,0.8898891088735348,0.40374050307421505,0.27496052092173096,0.4344734393227604,0.32083268013065175
1589550633.9169369,-1.87,-2.83,9.12,0.5433333333333333,-0.006666666666666667,-0.76,-0.009817477042468103,-0.031634092692397225,0.409061543436171,4.05352718775683,-0.21489366415180183,0.3217950808364545,-0.1852822847577245,-0.10365180944678934,0.890790915892601,0.40176899023765517,0.27496052092173096,0.4344734393227604,0.32083268013065175
1589550633.928235,-1.94,-2.89,9.02,0.5433333333333333,-0.006666666666666667,-0.76,-0.01090830782496456,-0.02399827721492203,0.38724492778624187,4.049163864626845,-0.2159844949342983,0.3217950808364545,-0.18548594024162937,-0.10326267517608394,0.8915192799971504,0.40015641851845835,0.3696522432444459,0.33337121366189926,0.3187595953260988
1589550633.9378135,-1.87,-2.79,8.63,0.5433333333333333,-0.006666666666666667,-0.76,0.007635815477475192,0.008726646259971648,0.38069994309126315,4.045891372279355,-0.21707532571679475,0.32070425005395803,-0.18560292667070233,-0.10301298766375415,0.8921707581768245,0.3987119464451091,0.3696522432444459,0.33337121366189926,0.3187595953260988
1589550633.9469676,-1.99,-2.91,9.06,0.5433333333333333,-0.006666666666666667,-0.76,-0.006544984694978735,-0.01308996938995747,0.35124751196385884,4.042618879931866,-0.21707532571679475,0.3196134192714616,-0.1858231050967006,-0.10262501044941631,0.893207346904293,0.3963817809620818,0.33136596019053416,0.2876789338815911,0.3269896237620402
1589550633.9636838,-2.01,-2.89,8.89,0.5433333333333333,-0.006666666666666667,-0.76,-0.009817477042468103,-0.007635815477475192,0.3097959422289935,4.039346387584376,-0.2181661564992912,0.3196134192714616,-0.18597564974347547,-0.10240694579085201,0.8935409239082129,0.39561407009551497,0.35424139487837897,0.3034114163524859,0.3248417572103921
1589550633.969874,-1.98,-2.8,8.79,0.5344444444444445,-0.06555555555555556,-0.7477777777777778,0.007635815477475192,0.0272707695624114,0.2825251726665821,4.037164726019383,-0.21925698728178766,0.31852258848896514,-0.18609851041515274,-0.10225618904297094,0.8938715000684488,0.39484776508048086,0.35424139487837897,0.3034114163524859,0.3248417572103921
1589550633.9766142,-1.95,-2.8,8.98,0.5344444444444445,-0.06555555555555556,-0.7477777777777778,-0.007635815477475192,0.009817477042468103,0.25416357232167425,4.033892233671894,-0.2203478180642841,0.31852258848896514,-0.18628068577467158,-0.10211060950114946,0.8944033511331869,0.3935931592601009,0.35424139487837897,0.3034114163524859,0.3248417572103921
1589550633.9884162,-2.12,-2.83,8.82,0.5344444444444445,-0.06555555555555556,-0.7477777777777778,-0.02181661564992912,0.0,0.23343778745424157,4.031710572106902,-0.2203478180642841,0.3174317577064687,-0.18630305790008225,-0.10209306784955177,0.8950050662682161,0.39221691379690843,0.33337121366189926,0.4778809308314024,0.2978707932085081
1589550634.0015936,-2.18,-2.84,9.18,0.5344444444444445,-0.06555555555555556,-0.7477777777777778,-0.030543261909900768,-0.032724923474893676,0.22362031041177347,4.0295289105419085,-0.22143864884678055,0.3174317577064687,-0.18642176004204206,-0.10196732679950507,0.8954108089041677,0.3912659900192887,0.2926919490491569,0.41075044065421673,0.25500212132341
1589550634.0100775,-2.2,-2.85,8.92,0.5344444444444445,-0.06555555555555556,-0.7477777777777778,-0.017453292519943295,-0.0032724923474893677,0.24652775684419903,4.027347248976915,-0.22143864884678055,0.3174317577064687,-0.1867403203570445,-0.10160841672045383,0.8959791199725767,0.3899040894600592,0.2926919490491569,0.41075044065421673,0.25500212132341
1589550634.0211167,-2.16,-2.82,8.83,0.5166666666666667,-0.10444444444444445,-0.7388888888888889,-0.001090830782496456,0.03381575425739013,0.2792526803190927,4.0240747566294255,-0.22362031041177347,0.31634092692397225,-0.18688765116174447,-0.10143679093548237,0.8963314391256209,0.38906751923406657,0.33337121366189926,0.4650333589250033,0.2674960623211152
1589550634.02721,-2.22,-2.8,8.94,0.5166666666666667,-0.10444444444444445,-0.7388888888888889,-0.008726646259971648,0.016362461737446838,0.3065234498815041,4.021893095064433,-0.2247111411942699,0.31634092692397225,-0.18714238384097234,-0.10116683811651732,0.8972972491403806,0.3867824268512342,0.33337121366189926,0.4650333589250033,0.2674960623211152
1589550634.0421422,-2.17,-2.77,9.05,0.5166666666666667,-0.10444444444444445,-0.7388888888888889,-0.0272707695624114,-0.008726646259971648,0.33488505022641196,4.018620602716943,-0.2247111411942699,0.31525009614147576,-0.18730400528108487,-0.1009696501851334,0.8977257378269925,0.38576007957036856,0.2876789338815911,0.45722582472554457,0.2703449835453029
1589550634.0480433,-2.18,-2.64,8.26,0.5166666666666667,-0.10444444444444445,-0.7388888888888889,-0.011999138607461015,0.01308996938995747,0.3850632662212489,4.014257279586958,-0.22689280275926282,0.3141592653589793,-0.1874331367514061,-0.10078267860881662,0.8986901688152639,0.3834940044052231,0.2876789338815911,0.45722582472554457,0.2703449835453029
1589550634.0597606,-2.21,-2.72,9.37,0.5166666666666667,-0.10444444444444445,-0.7388888888888889,-0.038179077387375956,-0.03599741582238304,0.41887902047863906,4.010984787239468,-0.22798363354175932,0.3141592653589793,-0.1876284552644218,-0.10056181668340099,0.8993695950317085,0.3818602039135807,0.3642899190747107,0.33562603819066317,0.2978707932085081
1589550634.0672526,-2.12,-2.6,8.56,0.5333333333333333,-0.11666666666666667,-0.7477777777777778,-0.031634092692397225,-0.007635815477475192,0.4777838827334477,4.005530633326986,-0.22907446432425577,0.31306843457648287,-0.18806508913878786,-0.09987645668578642,0.9003702537193502,0.37945964457958503,0.3642899190747107,0.33562603819066317,0.2978707932085081
1589550634.0773244,-2.15,-2.68,8.7,0.5333333333333333,-0.11666666666666667,-0.7477777777777778,0.01854412330243975,0.04581489286485115,0.5388704065532492,4.001167310197,-0.23125612588924865,0.31197760379398637,-0.18823277734032628,-0.09955058510105845,0.9014002633757202,0.3770088430355001,0.27496052092173096,0.4344734393227604,0.2978707932085081
1589550634.0869248,-2.31,-2.87,9.45,0.5333333333333333,-0.11666666666666667,-0.7477777777777778,-0.028361600344907853,-0.032724923474893676,0.5574145298556891,3.994622325502022,-0.23234695667174513,0.3108867730114899,-0.18862251927603998,-0.09895158192932882,0.9026050217625062,0.3740779388640139,0.27496052092173096,0.4344734393227604,0.2876789338815911
1589550634.0978498,-2.17,-2.6,8.64,0.5333333333333333,-0.11666666666666667,-0.7477777777777778,-0.008726646259971648,0.011999138607461015,0.5945027764605685,3.9891681715895393,-0.234528618236738,0.3097959422289935,-0.18885920486092897,-0.09830321572075625,0.9043618190577981,0.3698626484909315,0.33562603819066317,0.3187595953260988,0.28598735499456934
1589550634.1124885,-2.47,-2.88,9.59,0.5333333333333333,-0.11666666666666667,-0.7477777777777778,-0.019634954084936207,-0.038179077387375956,0.6294093615004551,3.9837140176770567,-0.23561944901923448,0.30870511144649704,-0.18897330615519048,-0.09803558034476177,0.905088304031167,0.3680941135813342,0.282659406116019,0.3187595953260988,0.28598735499456934
1589550634.1182325,-2.21,-2.59,8.82,0.49333333333333335,-0.16444444444444445,-0.7655555555555555,-0.022907446432425576,-0.0370882466048795,0.6719517620178168,3.9771690329820784,-0.23780111058422737,0.3076142806640006,-0.1893659731955514,-0.09729081376451885,0.9063414810473971,0.3649933499196256,0.282659406116019,0.3920522731410346,0.28598735499456934
1589550634.1277235,-1.99,-2.45,8.86,0.49333333333333335,-0.16444444444444445,-0.7655555555555555,0.011999138607461015,0.020725784867432664,0.7264933011426397,3.969533217504603,-0.2399827721492203,0.30543261909900765,-0.1896245899346627,-0.09657827878333174,0.9079508516738068,0.36102687144334417,0.282659406116019,0.3920522731410346,0.28598735499456934
1589550634.1393127,-2.2,-2.58,8.96,0.49333333333333335,-0.16444444444444445,-0.7655555555555555,-0.007635815477475192,-0.03381575425739013,0.7494007475750653,3.961897402027128,-0.24107360293171679,0.30325095753401476,-0.18975583052921266,-0.09610024194606029,0.9091438278177336,0.35807117814618455,0.33337121366189926,0.3834344053953583,0.29969651553482884
1589550634.1477046,-2.26,-2.64,9.19,0.49333333333333335,-0.16444444444444445,-0.7655555555555555,-0.014180800172453926,-0.05235987755982988,0.7668540400950085,3.9553524173321497,-0.24325526449670967,0.3021601267515183,-0.1901774842632041,-0.09517163525179678,0.9108221407238422,0.35380490710284873,0.33337121366189926,0.3834344053953583,0.29969651553482884
1589550634.1594038,-2.1,-2.45,8.42,0.49333333333333335,-0.16444444444444445,-0.7655555555555555,0.007635815477475192,-0.002181661564992912,0.8028514559173915,3.9466257710721777,-0.2454369260617026,0.2999784651865254,-0.1905256470663021,-0.09414586115464946,0.9126205110552056,0.3492282025248705,0.3291641949951565,0.44194471376482086,0.3034114163524859
1589550634.1713881,-1.86,-2.31,9.41,0.4477777777777778,-0.2088888888888889,-0.6755555555555556,0.01854412330243975,-0.016362461737446838,0.839939702522271,3.9389899555947023,-0.2476185876266955,0.29779680362153244,-0.1907016772990962,-0.0936207232063261,0.9135309182778782,0.34688512768928664,0.34232915890069343,0.3920522731410346,0.31468770072761004
1589550634.1775146,-1.77,-2.1,7.9,0.4477777777777778,-0.2088888888888889,-0.6755555555555556,0.01854412330243975,-0.016362461737446838,0.839939702522271,3.930263309334731,-0.2498002491916884,0.29561514205653955,-0.19112714339331938,-0.09245932249692934,0.9156579190650624,0.3413096306803509,0.34232915890069343,0.3920522731410346,0.31468770072761004
1589550634.1922126,-1.9,-2.37,9.23,0.4477777777777778,-0.2088888888888889,-0.6755555555555556,0.006544984694978735,-0.01854412330243975,0.8290313946973066,3.9226274938572554,-0.25198191075668136,0.29343348049154666,-0.19133553515875,-0.09190399241880834,0.9164370656061185,0.3392454479373974,0.3187595953260988,0.42056425696985505,0.36695276956707285
1589550634.1979036,-1.88,-2.1,8.31,0.4477777777777778,-0.2088888888888889,-0.6755555555555556,0.04036073895236887,0.014180800172453926,0.8017606251348951,3.9149916783797805,-0.25416357232167425,0.2912518189265538,-0.19144161069910942,-0.09118624342159208,0.9180022297679253,0.33512249229901914,0.3187595953260988,0.42056425696985505,0.36695276956707285
1589550634.2093635,-1.88,-2.14,8.53,0.4477777777777778,-0.2088888888888889,-0.6755555555555556,-0.004363323129985824,-0.05890486225480862,0.7777623479199731,3.907355862902305,-0.25634523388666713,0.28907015736156083,-0.1914730042095167,-0.09070268854827485,0.9190742426691774,0.3322854908225385,0.33337121366189926,0.42056425696985505,0.36695276956707285
1589550634.2173078,-1.96,-2.28,9.76,0.48444444444444446,-0.19111111111111112,-0.64,-0.0032724923474893677,-0.06872233929727672,0.7701265324424978,3.89972004742483,-0.2574360646691636,0.28797932657906433,-0.19157873255648844,-0.08972798366862904,0.9216911140178283,0.3251645253089373,0.33337121366189926,0.4778809308314024,0.2674960623211152
,,,,,,,,,,,,,-0.19189658110021385,-0.08874775725996802,0.9232985129604326,0.3206546330687098,,,
1589550634.2380419,-1.93,-2.19,9.47,0.48444444444444446,-0.19111111111111112,-0.64,-0.02617993877991494,-0.06981317007977318,0.7341291166201148,3.885539247252376,-0.26070855701665296,0.28361600344907856,-0.1918533433143027,-0.08827096982106937,0.9243543105683146,0.3177572014600898,0.26883851941761866,0.4308257391109686,0.4344734393227604
1589550634.2513006,-1.76,-2.0,8.67,0.48444444444444446,-0.19111111111111112,-0.64,0.011999138607461015,-0.015271630954950384,0.7384924397501007,3.877903431774901,-0.26289021858164585,0.2825251726665821,-0.19173848102508703,-0.08793521589827312,0.9256633411263683,0.3140877768934751,0.33337121366189926,0.4778809308314024,0.2589969441304213
1589550634.2600086,-1.81,-2.01,8.47,0.48444444444444446,-0.19111111111111112,-0.64,-0.002181661564992912,-0.07963064712224129,0.7123125009701857,3.871358447079922,-0.26398104936414235,0.28034351110158917,-0.19208875734146735,-0.08716363716589737,0.9264757842489201,0.3116841844870726,0.33337121366189926,0.4778809308314024,0.2589969441304213
1589550634.2711954,-2.14,-2.29,9.79,0.4988888888888889,-0.16,-0.6055555555555555,-0.04363323129985824,-0.10253809355466686,0.6904958853202566,3.863722631602447,-0.2650718801466388,0.2792526803190927,-0.19236779376437796,-0.086154227427599,0.9278032344778187,0.3078201408470168,0.33136596019053416,0.29445862267704453,0.34953162930465587
1589550634.2786381,-1.88,-2.03,8.94,0.4988888888888889,-0.16,-0.6055555555555555,0.05781403147231216,0.053450708342326333,0.7144941625351786,3.8571776469074686,-0.26725354171163174,0.27707101875409984,-0.1922328320165502,-0.08594797932999201,0.9286953397938738,0.30526127987206214,0.33136596019053416,0.29445862267704453,0.34953162930465587
1589550634.2905738,-1.79,-1.8,7.63,0.4988888888888889,-0.16,-0.6055555555555555,0.0370882466048795,-0.0032724923474893677,0.7057675162752071,3.8506326622124893,-0.2694352032766246,0.2748893571891069,-0.19228099591664982,-0.08525447929961376,0.9299817025899542,0.30148586238253866,0.33337121366189926,0.47352537593952493,0.23759126105169737
1589550634.298414,-2.04,-2.18,9.61,0.4988888888888889,-0.16,-0.6055555555555555,-0.04690572364734761,-0.11562806294462433,0.6828600698427815,3.844087677517511,-0.2694352032766246,0.27270769562411395,-0.19218740337125353,-0.08446332045323875,0.9314588958992467,0.2971771773430539,0.33337121366189926,0.47352537593952493,0.23759126105169737
1589550634.3099773,-1.73,-1.88,8.81,0.4988888888888889,-0.16,-0.6055555555555555,0.002181661564992912,-0.0545415391248228,0.6981317007977318,3.836451862040035,-0.27052603405912107,0.2716168648416175,-0.19232032943156352,-0.0840046028770517,0.9320349346893992,0.29540988152282727,0.33337121366189926,0.5350083920716681,0.33337121366189926
1589550634.3234613,-1.66,-1.89,9.13,0.5111111111111111,-0.17222222222222222,-0.6144444444444445,0.008726646259971648,-0.074176493209759,0.681769239060285,3.829906877345057,-0.2716168648416175,0.2694352032766246,-0.1926912346580984,-0.08317765909394859,0.932748457567298,0.29314139936115335,0.33337121366189926,0.4457710691193347,0.27496052092173096
1589550634.3293676,-1.75,-1.98,9.45,0.5111111111111111,-0.17222222222222222,-0.6144444444444445,0.032724923474893676,0.0,0.6490443155853912,3.8244527234325747,-0.27379852640661045,0.26725354171163174,-0.1918328470308004,-0.08298516268007347,0.9337314673826342,0.2906185960920115,0.33337121366189926,0.4457710691193347,0.27496052092173096
1589550634.3380857,-1.62,-1.81,8.7,0.5111111111111111,-0.17222222222222222,-0.6144444444444445,0.06544984694978735,0.05999569303730508,0.5770494839406253,3.818998569520092,-0.27598018797160334,0.2650718801466388,-0.19143338546887287,-0.08299969146106727,0.934615245902677,0.28802543684815823,0.33337121366189926,0.4457710691193347,0.27496052092173096
1589550634.3496876,-1.57,-1.77,8.91,0.5111111111111111,-0.17222222222222222,-0.6144444444444445,-0.044724062082354694,-0.11890055529211369,0.45596726708351865,3.8135444156076095,-0.27598018797160334,0.26398104936414235,-0.19163707081425926,-0.08252336763856705,0.9348945898824185,0.2871188476779349,0.33337121366189926,0.4457710691193347,0.2618207959448959
1589550634.3635242,-1.82,-2.05,10.45,0.5111111111111111,-0.17222222222222222,-0.6144444444444445,-0.05235987755982988,-0.10035643198967394,0.38288160465625604,3.8102719232601205,-0.27598018797160334,0.26398104936414235,-0.19088290019648993,-0.0828004430389559,0.9355164625068304,0.2855113893066893,0.33337121366189926,0.4457710691193347,0.2233331025931826
1589550634.3690972,-1.55,-1.6,8.31,0.5155555555555555,-0.16,-0.6055555555555555,0.08290313946973066,0.074176493209759,0.3719732968312915,3.806999430912631,-0.27707101875409984,0.2617993877991494,-0.19093618659175055,-0.08265256976832154,0.9358446368925087,0.2844411027963811,0.33337121366189926,0.4457710691193347,0.2233331025931826
1589550634.3801744,-1.82,-2.07,10.62,0.5155555555555555,-0.16,-0.6055555555555555,-0.05890486225480862,-0.17889624832941878,0.28361600344907856,3.803726938565142,-0.27598018797160334,0.2617993877991494,-0.19129097912441248,-0.08158714833968408,0.936425525858219,0.28259252122549194,0.3593288242735007,0.4457710691193347,0.2233331025931826
1589550634.3883564,-2.1,-2.09,9.27,0.5155555555555555,-0.16,-0.6055555555555555,-0.015271630954950384,-0.01090830782496456,0.27598018797160334,3.8004544462176524,-0.27707101875409984,0.26070855701665296,-0.1910994556557707,-0.08143485312800111,0.9368685162867141,0.28129476698797656,0.3593288242735007,0.5460691446383974,0.34469892955945086
1589550634.4028347,-1.74,-1.73,7.85,0.5155555555555555,-0.16,-0.6055555555555555,0.07853981633974483,0.056723200689815706,0.2945243112740431,3.7982727846526596,-0.2781618495365963,0.2596177262341565,-0.19090910318561768,-0.08148443408659133,0.9372135011942316,0.28025854938199646,0.36192406818273803,0.5146036866178766,0.23523431129047254
1589550634.4124296,-1.93,-1.83,9.19,0.5155555555555555,-0.16,-0.6055555555555555,-0.006544984694978735,-0.06326818538479445,0.2825251726665821,3.7950002923051707,-0.2781618495365963,0.2585268954516601,-0.19046207144996105,-0.08187335819085949,0.9371890757131025,0.28053090546597825,0.36192406818273803,0.5146036866178766,0.23523431129047254
1589550634.421568,-0.57,-1.1,8.06,0.5155555555555555,-0.16444444444444445,-0.6266666666666667,-0.04036073895236887,-0.06654067773228381,0.22907446432425577,3.7928186307401774,-0.2781618495365963,0.2585268954516601,-0.1908391052109742,-0.08175324373908861,0.9365772721459049,0.28234704949786066,0.34022226900883096,0.15378607777926118,0.3128869263878623
1589550634.429048,-0.87,-2.08,10.45,0.5155555555555555,-0.16444444444444445,-0.6266666666666667,-0.053450708342326333,-0.12544553998709243,-0.09817477042468103,3.793909461522674,-0.27707101875409984,0.2596177262341565,-0.19121770997138546,-0.08157219066465698,0.9357181355634371,0.2849795358989013,0.34022226900883096,0.15378607777926118,0.3128869263878623
1589550634.4389431,-1.93,-2.51,9.49,0.5155555555555555,-0.16444444444444445,-0.6266666666666667,0.05999569303730508,0.13744467859455345,-0.3665191429188092,3.797181953870163,-0.27707101875409984,0.2596177262341565,-0.19072660814613987,-0.08297010635997253,0.9341532376157531,0.28999491555489393,0.34469892955945086,0.1575077713039692,0.3128869263878623
1589550634.4493165,-0.84,-2.28,8.02,0.5155555555555555,-0.16444444444444445,-0.6266666666666667,0.09490227807719166,0.15162547876700738,-0.509417975425845,3.8026361077826456,-0.27707101875409984,0.26070855701665296,-0.19034684088085976,-0.08447663484949498,0.932207343217265,0.29600886402773524,0.34469892955945086,0.1575077713039692,0.3034114163524859
1589550634.4619086,-1.01,-1.84,9.45,0.5155555555555555,-0.16444444444444445,-0.6266666666666667,-0.053450708342326333,-0.02399827721492203,-0.8650288105196896,3.811362754042617,-0.2748893571891069,0.26289021858164585,-0.18999598595658196,-0.0852008559153823,0.9309596419474824,0.29992746545904725,0.27496052092173096,0.1375336592135079,0.3051113371361419
1589550634.472725,-1.41,-2.04,9.12,0.52,-0.16444444444444445,-0.6266666666666667,-0.05781403147231216,0.014180800172453926,-1.2020955223110943,3.8222710618675815,-0.27270769562411395,0.26725354171163174,-0.18945259652991117,-0.08728569751062644,0.9274266149041154,0.3104332370182866,0.3227201175914994,0.1409499162072325,0.3051113371361419
1589550634.4790318,-1.45,-2.23,8.36,0.52,-0.16444444444444445,-0.6266666666666667,0.02181661564992912,0.008726646259971648,-1.3286318930806833,3.8353610312575395,-0.2683443724941282,0.27052603405912107,-0.18937251863323354,-0.08811699614317342,0.9256697728986399,0.31545033795986016,0.3227201175914994,0.1409499162072325,0.3051113371361419
1589550634.4937868,-0.85,-1.91,9.06,0.52,-0.16444444444444445,-0.6266666666666667,-0.011999138607461015,0.05890486225480862,-1.5293447570600311,3.8506326622124893,-0.2650718801466388,0.27379852640661045,-0.188507159819761,-0.09096146731712265,0.920561206830647,0.3297849703044486,0.2795642795680213,0.1822279159564864,0.29445862267704453
1589550634.499703,-1.28,-1.92,8.65,0.52,-0.16444444444444445,-0.6266666666666667,0.016362461737446838,0.148352986419518,-1.8129607605091096,3.8680859547324324,-0.2617993877991494,0.2781618495365963,-0.1880669486143945,-0.09249033125931992,0.9180059264215298,0.3366622647659834,0.2795642795680213,0.1822279159564864,0.29969651553482884
1589550634.5144546,-0.92,-1.83,8.06,0.52,-0.16444444444444445,-0.6266666666666667,-0.014180800172453926,0.07199483164476608,-2.100940087088174,3.888811739599866,-0.2574360646691636,0.28361600344907856,-0.18737473972306082,-0.09508815873439737,0.9126747305063526,0.3505335722543194,0.32083268013065175,0.16836848125784118,0.2962453376934545
1589550634.5210044,-1.4,-1.99,9.51,0.5255555555555556,-0.16444444444444445,-0.6344444444444445,-0.061086523819801536,0.05999569303730508,-2.2907446432425576,3.910628355249795,-0.25089107997418486,0.2901609881440573,-0.18712585526628406,-0.0961403891714146,0.9101366137068303,0.35692055733887723,0.32083268013065175,0.16836848125784118,0.2962453376934545
1589550634.5336947,-2.0,-2.52,9.18,0.5255555555555556,-0.16444444444444445,-0.6344444444444445,-0.007635815477475192,0.12217304763960307,-2.3769202750597778,3.9335358016822206,-0.2454369260617026,0.29561514205653955,-0.18593930942303852,-0.09943683689573747,0.9038029666958826,0.372396409852694,0.3248417572103921,0.26455725445898803,0.2978707932085081
1589550634.5394626,-2.05,-2.5,8.53,0.5255555555555556,-0.16444444444444445,-0.6344444444444445,0.0272707695624114,0.16907877128695067,-2.406372706187182,3.957534078897142,-0.2399827721492203,0.3010692959690219,-0.18516939336171198,-0.10147174491281227,0.899921155104984,0.3815202423737384,0.3248417572103921,0.26455725445898803,0.2978707932085081
1589550634.553447,-1.69,-2.24,8.31,0.5255555555555556,-0.16444444444444445,-0.6344444444444445,-0.042542400517361786,0.05890486225480862,-2.4423701220095646,3.9815323561120644,-0.23343778745424157,0.3076142806640006,-0.18462107817527557,-0.1035196602380033,0.894737136858871,0.3932482591991948,0.2674960623211152,0.24231655100742916,0.31090853643828664
1589550634.5615852,-1.8,-2.64,9.55,0.5255555555555556,-0.16444444444444445,-0.6344444444444445,-0.05999569303730508,0.042542400517361786,-2.493639168786898,4.005530633326986,-0.22689280275926282,0.31306843457648287,-0.18410010469847327,-0.1050425830483477,0.8911602254599207,0.4011317236953035,0.2674960623211152,0.24231655100742916,0.31090853643828664
1589550634.5720773,-1.8,-2.63,8.39,0.5455555555555556,-0.27555555555555555,-0.6077777777777778,0.0,0.16689710972195776,-2.471822553136969,4.0295289105419085,-0.22143864884678055,0.31852258848896514,-0.18303952360916406,-0.10766492126292944,0.8853513522198339,0.41359132080943056,0.29969651553482884,0.2876789338815911,0.31090853643828664
1589550634.5794644,-2.06,-2.92,8.54,0.5455555555555556,-0.27555555555555555,-0.6077777777777778,-0.020725784867432664,0.1112647398146385,-2.3812835981897633,4.052436356974334,-0.21489366415180183,0.3239767424014474,-0.18254393888028675,-0.10904999852190553,0.8818521276970156,0.4208593982278277,0.29969651553482884,0.2876789338815911,0.31090853643828664
1589550634.5920725,-2.15,-3.14,9.31,0.5455555555555556,-0.27555555555555555,-0.6077777777777778,-0.0370882466048795,0.05999569303730508,-2.2252947962927703,4.074252972624263,-0.2083486794568231,0.32834006553143325,-0.18176093442084015,-0.11084269107668654,0.8775307415502296,0.42967040646016813,0.29969651553482884,0.2893893153577334,0.3227201175914994
1589550634.6002636,-2.08,-3.1,8.88,0.5455555555555556,-0.27555555555555555,-0.6077777777777778,-0.017453292519943295,0.10035643198967394,-1.9994928243160037,4.0938879267092,-0.20289452554434081,0.3327033886614191,-0.1813284035246667,-0.11186551709732465,0.8748997439043423,0.4349213196382311,0.29969651553482884,0.2893893153577334,0.3227201175914994
1589550634.611632,-2.18,-3.24,9.08,0.5455555555555556,-0.27555555555555555,-0.6077777777777778,-0.020725784867432664,0.053450708342326333,-1.7595100521667832,4.111341219229143,-0.1974403716318585,0.3359758810089084,-0.1809265949508671,-0.1129011393059238,0.8715962705908279,0.44140552904904734,0.33562603819066317,0.23303536992048876,0.3227201175914994
1589550634.619387,-1.93,-2.99,9.17,0.7555555555555555,-0.8544444444444445,0.18444444444444444,-0.01308996938995747,0.062177354602297986,-1.5402530648849957,4.125522019401597,-0.19307704850187268,0.3392483733563978,-0.18056001980081585,-0.11393700585355494,0.8684968630229466,0.44735851044319813,0.33562603819066317,0.23303536992048876,0.32083268013065175
1589550634.6301653,-1.94,-3.22,8.95,0.7555555555555555,-0.8544444444444445,0.18444444444444444,0.01308996938995747,0.09708393964218458,-1.3624476473380736,4.13970281957405,-0.18980455615438332,0.34143003492139073,-0.18022326772005673,-0.11478250645823006,0.8656973214376231,0.45267283731100516,0.3642899190747107,0.2811853495413832,0.32083268013065175
1589550634.6408904,-1.75,-3.16,8.84,0.7555555555555555,-0.8544444444444445,0.18444444444444444,-0.0032724923474893677,0.08508480103472357,-1.265363707695889,4.151701958181512,-0.18653206380689397,0.3436116964863836,-0.17927590281724184,-0.11667011434471687,0.8613001657417901,0.4608798754350407,0.3642899190747107,0.2811853495413832,0.3015432709413334
1589550634.6507473,-1.6,-3.05,8.56,0.7555555555555555,-0.8544444444444445,0.18444444444444444,0.01090830782496456,0.08944812416470939,-1.2293662918735058,4.163701096788972,-0.1832595714594046,0.3457933580513765,-0.17893175351457213,-0.11736482369775052,0.8595296537159766,0.4641311238491661,0.33337121366189926,0.3696522432444459,0.2472206304085751
1589550634.6659508,-1.3,-2.89,8.48,0.7555555555555555,-0.8544444444444445,0.18444444444444444,-0.030543261909900768,0.007635815477475192,-1.2555462306534209,4.175700235396433,-0.17889624832941878,0.34797501961636945,-0.17843190496068034,-0.11839283255822014,0.8563210826126972,0.4699568022318245,0.29969651553482884,0.41075044065421673,0.2472206304085751
1589550634.6718206,-1.3,-3.15,8.84,1.07,0.08444444444444445,-0.5577777777777778,-0.02181661564992912,0.0272707695624114,-1.2882711541283145,4.1887902047863905,-0.17562375598192942,0.3501566811813624,-0.17802015115382924,-0.11922131298206351,0.8539159318697767,0.47426014550346884,0.29969651553482884,0.41075044065421673,0.2387863613691475
1589550634.6822126,-1.59,-3.53,8.83,1.07,0.08444444444444445,-0.5577777777777778,0.002181661564992912,0.06763150851478027,-1.296997800388286,4.200789343393852,-0.1712604328519436,0.3523383427463553,-0.17737090684602863,-0.12037383786324722,0.8497170880691055,0.4816955166970626,0.34232915890069343,0.41075044065421673,0.2387863613691475
1589550634.6900532,-1.71,-3.78,9.04,1.07,0.08444444444444445,-0.5577777777777778,-0.008726646259971648,0.05017821599483697,-1.2784536770858463,4.21387931278381,-0.1679879405044542,0.35452000431134817,-0.17704618252113682,-0.12098495843916932,0.8475267912776397,0.4855055377158872,0.34232915890069343,0.4457710691193347,0.29969651553482884
1589550634.7044654,-1.4,-3.7,8.78,1.07,0.08444444444444445,-0.5577777777777778,0.019634954084936207,0.074176493209759,-1.1966413683986121,4.224787620608773,-0.16471544815696484,0.3567016658763411,-0.17646575644649265,-0.12209682398316743,0.844575992926156,0.4905543747106819,0.2926919490491569,0.4956071854791829,0.29969651553482884
1589550634.7124074,-1.12,-3.47,8.71,1.07,0.08444444444444445,-0.5577777777777778,0.011999138607461015,0.06981317007977318,-1.1181015520588673,4.2356959284337385,-0.16144295580947549,0.35779249665883756,-0.17602703064378955,-0.12286628149689234,0.8426352873676161,0.49384626538706566,0.2926919490491569,0.4956071854791829,0.29969651553482884
1589550634.7233038,-1.09,-3.54,8.7,0.6933333333333334,0.06333333333333334,-0.6788888888888889,-0.022907446432425576,0.01854412330243975,-1.0973757671914346,4.246604236258703,-0.15817046346198613,0.35997415822383044,-0.17552190424113792,-0.12375192860632901,0.839519278919521,0.49908406267905026,0.33337121366189926,0.4778809308314024,0.2876789338815911
1589550634.7302575,-1.06,-3.44,9.14,0.6933333333333334,0.06333333333333334,-0.6788888888888889,-0.02617993877991494,-0.001090830782496456,-1.1279190291013355,4.257512544083667,-0.1538071403320003,0.3610649890063269,-0.17487333931689392,-0.1248986671043083,0.8358444889766877,0.50515703340548,0.33337121366189926,0.4778809308314024,0.2876789338815911
1589550634.7406747,-0.86,-3.24,8.52,0.6933333333333334,0.06333333333333334,-0.6788888888888889,0.007635815477475192,0.06326818538479445,-1.1846422297911512,4.269511682691128,-0.15053464798451094,0.36324665057131983,-0.1742775278441502,-0.12597964789403204,0.8319634697965156,0.5114618817948894,0.33337121366189926,0.4778809308314024,0.2876789338815911
1589550634.751827,-0.94,-3.41,9.13,0.6933333333333334,0.06333333333333334,-0.6788888888888889,-0.00545415391248228,0.05017821599483697,-1.2937253080407967,4.28151082129859,-0.1461713248545251,0.36542831213631277,-0.17382466888612555,-0.126797285170946,0.8290933559736277,0.5160539119513526,0.33337121366189926,0.4275914443905159,0.3051113371361419
1589550634.7624369,-0.79,-3.23,8.78,0.6933333333333334,0.06333333333333334,-0.6788888888888889,0.002181661564992912,0.07963064712224129,-1.4126258633329105,4.295691621471043,-0.14180800172453928,0.3665191429188092,-0.17196453906346898,-0.1297093880432618,0.819754699110366,0.5306655304846966,0.33337121366189926,0.4778809308314024,0.3051113371361419
1589550634.7696652,-0.86,-3.39,8.74,0.5988888888888889,0.09,-0.7055555555555556,-0.0032724923474893677,0.07853981633974483,-1.5184364492350666,4.310963252425994,-0.13744467859455345,0.3687008044838021,-0.1713292711723039,-0.13073763427128074,0.8155274519244357,0.5370930338240792,0.33337121366189926,0.4778809308314024,0.25231358798780756
,,,,,,,,,,,,,-0.1704478621801373,-0.13215686964303622,0.8104034698848266,0.5447277339029172,,,
1589550634.7915487,-0.84,-3.46,9.09,0.5988888888888889,0.09,-0.7055555555555556,-0.009817477042468103,0.039269908169872414,-1.6155203888772514,4.341506514335895,-0.1265363707695889,0.37306412761378793,-0.16962098783417182,-0.13350831813169375,0.8054267815220516,0.551989084206233,0.33136596019053416,0.4457710691193347,0.3567681567603077
1589550634.8010988,-0.96,-3.6,8.82,0.5988888888888889,0.09,-0.7055555555555556,0.009817477042468103,0.10362892433716332,-1.6275195274847125,4.357868976073341,-0.12217304763960307,0.3752457891787809,-0.16932001325489487,-0.1339318592917008,0.8026572602752425,0.5559984826467349,0.33337121366189926,0.45321431320689676,0.3567681567603077
1589550634.812588,-1.33,-3.99,9.43,0.5988888888888889,0.09,-0.7055555555555556,-0.008726646259971648,0.06872233929727672,-1.6253378659197195,4.373140607028292,-0.11671889372712078,0.3763366199612773,-0.16810137771256814,-0.13565520060649236,0.7975302382291102,0.5632806693556665,0.33337121366189926,0.45321431320689676,0.3034114163524859
1589550634.8240845,-1.29,-3.99,9.31,0.59,0.13777777777777778,-0.7055555555555556,-0.011999138607461015,0.06981317007977318,-1.5544338650574498,4.388412237983243,-0.11235557059713495,0.3785182815262702,-0.1671159361244198,-0.13733661670211356,0.7934244991398883,0.5689362721524204,0.33136596019053416,0.45321431320689676,0.4823119900107394
1589550634.8308284,-0.93,-3.31,7.87,0.59,0.13777777777777778,-0.7055555555555556,0.039269908169872414,0.15707963267948966,-1.4442599560253075,4.402593038155696,-0.10799224746714915,0.37960911230876665,-0.1667812941472561,-0.13769937893278233,0.790451759264239,0.5730697141187641,0.33136596019053416,0.45321431320689676,0.4823119900107394
1589550634.8440914,-0.86,-3.46,8.25,0.59,0.13777777777777778,-0.7055555555555556,-0.02399827721492203,-0.014180800172453926,-1.3799009398580167,4.41677383832815,-0.10253809355466686,0.38069994309126315,-0.16641070463860097,-0.1380994512657204,0.7879970566374013,0.5764517826085572,0.33337121366189926,0.4492681034496481,0.45722582472554457
1589550634.8549445,-0.99,-3.73,9.95,0.59,0.13777777777777778,-0.7055555555555556,-0.07199483164476608,-0.05126904677733343,-1.3340860469931657,4.428772976935611,-0.09817477042468103,0.38288160465625604,-0.1657195744573387,-0.13930893405719283,0.7842649432352443,0.5814280199179831,0.316711414149526,0.4492681034496481,0.46924345517404525
1589550634.8630676,-0.88,-3.68,8.38,0.59,0.13777777777777778,-0.7055555555555556,0.044724062082354694,0.1461713248545251,-1.2500920767409385,4.4418629463255686,-0.09490227807719166,0.3839724354387525,-0.1649741493668629,-0.14059420580409795,0.7802442071860619,0.5867160953029913,0.316711414149526,0.4492681034496481,0.46924345517404525
1589550634.8699641,-0.84,-3.7,7.83,0.5611111111111111,0.16666666666666666,-0.6911111111111111,0.03490658503988659,0.10253809355466686,-1.2173671532660448,4.4538620849330295,-0.09053895494720585,0.3839724354387525,-0.1568898391745741,-0.16359960544207192,0.7436307674355661,0.6289944587881248,0.316711414149526,0.4492681034496481,0.46924345517404525
1589550634.8808274,-29.6,-25.83,8.24,0.5611111111111111,0.16666666666666666,-0.6911111111111111,-0.044724062082354694,0.011999138607461015,-1.1726430911836903,4.464770392757994,-0.08726646259971647,0.38615409700374537,-0.15470870367274162,-0.1803730446513368,0.6960687234739447,0.6775094936400966,0.21338248206173208,0.461304233506186,0.29969651553482884
1589550634.8924284,-29.6,-25.83,8.24,0.5611111111111111,0.16666666666666666,-0.6911111111111111,-0.044724062082354694,0.011999138607461015,-1.1726430911836903,4.464770392757994,-0.08726646259971647,0.38615409700374537,-0.15641833330302712,-0.1805724378166434,0.6723181224217657,0.7006534392771717,0.18509451232860763,0.4492681034496481,0.28598735499456934
1589550634.9012802,-1.83,-5.28,4.33,0.5611111111111111,0.16666666666666666,-0.6911111111111111,-2.4620050760945014,-1.9165896848462731,-13.409582809228935,4.640394148739923,-0.006544984694978735,0.42433317439112134,-0.14379021981713805,-0.17645420436417125,0.631422563959974,0.7412785118761768,0.18509451232860763,0.4492681034496481,0.28598735499456934
1589550634.9143314,-2.86,-7.79,15.57,0.5611111111111111,0.16666666666666666,-0.6911111111111111,-1.7573283906017905,0.3741549583962844,-10.584331082563113,4.74293224229459,0.031634092692397225,0.4406956361285682,-0.1344673392254246,-0.1738034476853861,0.6137842164366742,0.7582742458421795,0.19745465193801706,0.4457710691193347,0.3696522432444459
1589550634.9212427,-4.71,-4.46,13.72,0.5633333333333334,0.20444444444444446,-0.67,-0.6610434541928523,2.5569073541716927,-9.24588171243996,4.838925351154279,0.04799655442984406,0.4428772976935611,-0.12865561674485843,-0.16799692318588913,0.600399422577757,0.7711973155090532,0.19745465193801706,0.4457710691193347,0.3696522432444459
1589550634.9351158,-0.9,-2.77,0.13,0.5633333333333334,0.20444444444444446,-0.67,1.4562590946327687,1.2577278922184139,-8.296858931668043,4.920737659841513,0.07090400086226964,0.42433317439112134,-0.12954016955484854,-0.17018896038098433,0.5875362058113865,0.7804205719334292,0.1991514388644779,0.4344734393227604,0.3269896237620402
1589550634.942123,-11.99,-30.11,16.52,0.5633333333333334,0.20444444444444446,-0.67,2.2471114119426994,0.5170537909033202,-7.152577440829261,4.990550829921286,0.09381144729469522,0.39706240482870997,-0.12663621208953513,-0.1744072117186967,0.5777361237238486,0.7872524154505123,0.1991514388644779,0.4344734393227604,0.3269896237620402
1589550634.951713,-0.51,1.59,1.01,0.5633333333333334,0.20444444444444446,-0.67,1.5206181108000596,1.0461067204141012,-3.811362754042617,5.028729907308662,0.09817477042468103,0.3785182815262702,-0.1255817629630664,-0.17481506117564574,0.573714694860042,0.7902660084420263,0.190299360217477,0.4240506381044018,0.3269896237620402
1589550634.9640932,-0.66,-0.47,6.53,0.5633333333333334,0.20444444444444446,-0.67,-0.4854196982109229,0.32288591161895097,-2.5198191075668133,5.05381901530608,0.10471975511965977,0.38069994309126315,-0.12522220770856157,-0.1746118760130919,0.568896278347655,0.7938432565273639,0.190299360217477,0.4240506381044018,0.33136596019053416
1589550634.9757073,0.92,0.02,13.38,0.4,0.44,-0.6555555555555556,-0.16580627893946132,-0.44396812847605754,-2.1871157189053942,5.074544800173513,0.11671889372712078,0.38069994309126315,-0.12467044909548373,-0.17656574772398323,0.5667755084619115,0.7950140494738082,0.16250540892367826,0.31468770072761004,0.3015432709413334
1589550634.9819846,0.45,-0.09,11.2,0.4,0.44,-0.6555555555555556,0.08726646259971647,0.03381575425739013,-1.6384278353096768,5.0898164311284635,0.12217304763960307,0.3785182815262702,-0.12657920365530395,-0.17645145410194954,0.5665514400114314,0.7948975124934471,0.16250540892367826,0.31468770072761004,0.3015432709413334
1589550634.9947658,1.1,-0.57,9.1,0.4,0.44,-0.6555555555555556,0.0,0.1854412330243975,-0.9228428419920017,5.099633908170931,0.12326387842209952,0.37742745074377376,-0.12646795662731958,-0.17527310191206388,0.5670776746371178,0.7948006709992089,0.18435148546995575,0.42056425696985505,0.23640729479891587
1589550635.0075731,4.06,-4.57,11.01,0.4,0.44,-0.6555555555555556,-0.13962634015954636,-0.2181661564992912,-0.4199698512611355,5.10290640051842,0.12762720155208535,0.3785182815262702,-0.12621786601690496,-0.1752354103572154,0.567364680734431,0.7946438952827827,0.16250540892367826,0.41408574428279465,0.26311038413585025
1589550635.013558,7.82,-12.37,7.75,0.4,0.44,-0.6555555555555556,-0.042542400517361786,0.11344640137963141,-0.11235557059713495,5.103997231300917,0.1265363707695889,0.3785182815262702,-0.12697385266893052,-0.17543886512161938,0.5682302882531497,0.7938596757960373,0.16250540892367826,0.41408574428279465,0.26311038413585025
1589550635.0257473,1.3,0.47,7.25,0.33555555555555555,0.4888888888888889,-0.67,0.1112647398146385,0.1308996938995747,0.10362892433716332,5.103997231300917,0.12544553998709243,0.37742745074377376,-0.12700587354399104,-0.17528211583531053,0.5686806118445688,0.7935666636557458,0.17874196928420766,0.44194471376482086,0.26311038413585025
1589550635.0316234,3.27,-4.73,9.35,0.33555555555555555,0.4888888888888889,-0.67,0.08726646259971647,-0.053450708342326333,0.09708393964218458,5.10290640051842,0.12544553998709243,0.3763366199612773,-0.1270960918981327,-0.17507614466714547,0.5693917331525079,0.7930876251778824,0.17874196928420766,0.44194471376482086,0.24355657274840997
,,,,,,,,,,,,,-0.1272760678591065,-0.17506988903271734,0.5698098405057321,0.7927597884398704,,,
1589550635.0481687,1.74,-3.87,8.12,0.33555555555555555,0.4888888888888889,-0.67,-0.07744898555724837,0.007635815477475192,0.15162547876700738,5.100724738953428,0.12435470920459597,0.37742745074377376,-0.1275913747021553,-0.1746177100661235,0.5723970608053316,0.7909429190619858,0.16134375530748213,0.42056425696985505,0.3269896237620402
1589550635.0539308,1.4,-3.78,8.89,0.33555555555555555,0.4888888888888889,-0.67,0.03599741582238304,0.011999138607461015,0.1908953869368798,5.099633908170931,0.12435470920459597,0.37742745074377376,-0.12799839499348203,-0.17443738417541277,0.5743931123127718,0.789468531614009,0.16134375530748213,0.42056425696985505,0.3269896237620402
1589550635.0643802,1.26,-3.94,8.55,0.33555555555555555,0.4888888888888889,-0.67,0.02181661564992912,0.007635815477475192,0.1679879405044542,5.097452246605939,0.12326387842209952,0.37742745074377376,-0.12828918153327,-0.17423797017065148,0.5759415811340047,0.7883364197937308,0.1807898522262605,0.4308257391109686,0.3269896237620402
1589550635.071334,1.26,-4.02,8.81,0.31555555555555553,0.4888888888888889,-0.6555555555555556,-0.030543261909900768,-0.001090830782496456,0.15817046346198613,5.096361415823442,0.12217304763960307,0.37742745074377376,-0.1286884425062692,-0.17387805478339033,0.5780060922970668,0.7868383977015417,0.1807898522262605,0.4308257391109686,0.24231655100742916
,,,,,,,,,,,,,-0.1288823489383123,-0.17367447006427733,0.5791128455787072,0.786037423196738,,,
1589550635.0921853,1.18,-3.73,8.83,0.31555555555555553,0.4888888888888889,-0.6555555555555556,0.019634954084936207,-0.011999138607461015,0.3065234498815041,5.09090726191096,0.12108221685710661,0.37742745074377376,-0.1291654068222553,-0.17341709444462278,0.5809685811817035,0.7846772054256097,0.18728128783887296,0.42056425696985505,0.30895340572783037
1589550635.1051693,1.15,-3.89,8.66,0.31555555555555553,0.4888888888888889,-0.6555555555555556,-0.008726646259971648,-0.02181661564992912,0.38724492778624187,5.086543938780974,0.11999138607461016,0.3785182815262702,-0.1294948006786471,-0.1732097780901664,0.5829870229529005,0.7831702244337861,0.17874196928420766,0.4457710691193347,0.22864012614037754
1589550635.1141307,1.4,-3.98,8.95,0.31555555555555553,0.4888888888888889,-0.6555555555555556,0.002181661564992912,-0.015271630954950384,0.43524148221608594,5.083271446433485,0.11780972450961724,0.3785182815262702,-0.1297127384003391,-0.17311769428935353,0.5841165275202719,0.7823124386703068,0.17874196928420766,0.4457710691193347,0.22864012614037754
1589550635.1260247,1.35,-3.94,8.58,0.3422222222222222,0.4922222222222222,-0.6622222222222223,0.01090830782496456,-0.001090830782496456,0.4385139745635753,5.078908123303499,0.11671889372712078,0.37960911230876665,-0.12991037147808548,-0.17302200954145983,0.5851437322480192,0.7815327838341263,0.1828820421604963,0.3248417572103921,0.30895340572783037
1589550635.1327279,1.11,-3.92,8.69,0.3422222222222222,0.4922222222222222,-0.6622222222222223,0.016362461737446838,-0.0032724923474893677,0.41560652813114973,5.074544800173513,0.11562806294462433,0.37960911230876665,-0.13017481916914092,-0.17282116029939878,0.5866604340335131,0.7803953473379124,0.1828820421604963,0.3248417572103921,0.30895340572783037
1589550635.1442099,1.27,-3.93,8.69,0.3422222222222222,0.4922222222222222,-0.6622222222222223,0.01308996938995747,-0.01854412330243975,0.40578905108868163,5.070181477043527,0.11453723216212788,0.38069994309126315,-0.130331094425347,-0.1726283370585651,0.5877779537985036,0.7795706126443772,0.17874196928420766,0.40103947453341987,0.3128869263878623
1589550635.1573696,1.4,-3.93,8.9,0.3422222222222222,0.4922222222222222,-0.6622222222222223,0.002181661564992912,-0.02399827721492203,0.38724492778624187,5.066908984696038,0.11344640137963141,0.3817907738737596,-0.13051725756297577,-0.17244463372749394,0.5890176606743366,0.778643878284908,0.17804582771721905,0.3723890828255631,0.3128869263878623
1589550635.1655405,1.27,-3.97,8.7,0.3422222222222222,0.4922222222222222,-0.6622222222222223,-0.007635815477475192,-0.022907446432425576,0.35124751196385884,5.063636492348548,0.11235557059713495,0.38288160465625604,-0.13075516144546795,-0.17232023010183017,0.5903634233860634,0.7776116346743467,0.17804582771721905,0.3723890828255631,0.30895340572783037
1589550635.1733403,1.24,-3.98,8.76,0.35555555555555557,0.49333333333333335,-0.6766666666666666,-0.00545415391248228,-0.019634954084936207,0.33488505022641196,5.0603640000010595,0.1112647398146385,0.38288160465625604,-0.13092821500227805,-0.1722534935374477,0.5910939004371455,0.7770421721801614,0.17804582771721905,0.3723890828255631,0.30895340572783037
1589550635.1848366,1.32,-4.06,8.72,0.35555555555555557,0.49333333333333335,-0.6766666666666666,0.00545415391248228,-0.01308996938995747,0.33488505022641196,5.05709150765357,0.1112647398146385,0.3839724354387525,-0.13117582677981948,-0.1721062260129835,0.5924479253970952,0.7760011630976312,0.18007875085108416,0.4240506381044018,0.32083268013065175
1589550635.1938968,1.19,-3.98,8.66,0.35555555555555557,0.49333333333333335,-0.6766666666666666,0.017453292519943295,-0.009817477042468103,0.3108867730114899,5.05381901530608,0.11017390903214205,0.3850632662212489,-0.13135420717574503,-0.17196842807101465,0.5935572756062741,0.7751533348821208,0.18007875085108416,0.4240506381044018,0.32083268013065175
1589550635.2047539,1.25,-3.91,8.86,0.35555555555555557,0.49333333333333335,-0.6766666666666666,0.009817477042468103,-0.011999138607461015,0.28907015736156083,5.050546522958591,0.1090830782496456,0.38615409700374537,-0.13158777594571572,-0.17173753772187333,0.5952700362625185,0.773850411440679,0.17735473788829537,0.3863657601866544,0.3128869263878623
1589550635.2168262,1.08,-3.98,8.77,0.35555555555555557,0.49333333333333335,-0.6766666666666666,-0.002181661564992912,-0.019634954084936207,0.28361600344907856,5.0483648613935985,0.1090830782496456,0.38615409700374537,-0.13184058275703311,-0.1715324970686161,0.596690607701549,0.7727580357838069,0.17735473788829537,0.4344734393227604,0.3128869263878623
1589550635.2234225,1.11,-3.98,8.72,0.35,0.48333333333333334,-0.6611111111111111,-0.01308996938995747,-0.011999138607461015,0.28579766501407144,5.045092369046109,0.10799224746714915,0.38724492778624187,-0.13218734334005622,-0.171379384169379,0.5983192964038849,0.7714723796048584,0.17735473788829537,0.4344734393227604,0.32083268013065175
1589550635.2349136,1.15,-4.02,8.8,0.35,0.48333333333333334,-0.6611111111111111,-0.001090830782496456,-0.016362461737446838,0.3010692959690219,5.0429107074811155,0.10690141668465267,0.3883357585687383,-0.13236525302042712,-0.17130369120043817,0.5992145971558249,0.7707634862455056,0.16303326801599152,0.4344734393227604,0.32083268013065175
1589550635.2439015,1.11,-4.02,8.76,0.35,0.48333333333333334,-0.6611111111111111,0.00545415391248228,-0.017453292519943295,0.3141592653589793,5.0396382151336265,0.10581058590215622,0.3883357585687383,-0.13269661173311512,-0.17101812840897715,0.601183080202694,0.7692355380948301,0.16303326801599152,0.461304233506186,0.3034114163524859
1589550635.2568038,0.91,-3.93,8.78,0.35,0.48333333333333334,-0.6611111111111111,0.011999138607461015,-0.02181661564992912,0.3359758810089084,5.036365722786137,0.10471975511965977,0.3894265893512348,-0.13307929152488027,-0.17062342025150978,0.6034050721147842,0.7675153871910744,0.16421783953901528,0.40103947453341987,0.2926919490491569
1589550635.266797,1.07,-3.82,8.78,0.35,0.48333333333333334,-0.6611111111111111,0.004363323129985824,-0.01308996938995747,0.3643374813538163,5.032002399656151,0.10362892433716332,0.3894265893512348,-0.13349785159377378,-0.17029032139402156,0.6059083030496153,0.7655420683116659,0.16421783953901528,0.40103947453341987,0.2926919490491569
1589550635.2779672,0.91,-4.12,8.78,0.35555555555555557,0.4711111111111111,-0.64,-0.01090830782496456,-0.020725784867432664,0.3763366199612773,5.028729907308662,0.10253809355466686,0.39051742013373125,-0.13379028766172354,-0.17009249446038122,0.6074516163168263,0.7643109551025118,0.18728128783887296,0.29969651553482884,0.282659406116019
1589550635.2834554,1.09,-4.02,8.99,0.35555555555555557,0.4711111111111111,-0.64,-0.011999138607461015,-0.0272707695624114,0.421060682043632,5.024366584178676,0.10144726277217041,0.3916082509162277,-0.13427178237604043,-0.16979232466982505,0.6098853889755339,0.7623525872291245,0.18728128783887296,0.29969651553482884,0.282659406116019
1589550635.2940464,0.84,-3.91,8.53,0.35555555555555557,0.4711111111111111,-0.64,0.009817477042468103,-0.020725784867432664,0.4766930519509512,5.02000326104869,0.10035643198967394,0.39269908169872414,-0.1346545149039119,-0.16949520837486198,0.6120900095886879,0.7605822480939679,0.18728128783887296,0.2472206304085751,0.282659406116019
1589550635.3049676,0.91,-3.99,8.75,0.35555555555555557,0.4711111111111111,-0.64,0.017453292519943295,-0.01090830782496456,0.5235987755982988,5.014549107136208,0.09817477042468103,0.39269908169872414,-0.13503334717218815,-0.16907831007440327,0.614498819814696,0.7586631140764689,0.18728128783887296,0.2472206304085751,0.2893893153577334
1589550635.3164446,1.13,-4.05,8.92,0.35555555555555557,0.4711111111111111,-0.64,0.007635815477475192,-0.0272707695624114,0.5628686837681712,5.009094953223726,0.09599310885968812,0.3937899124812206,-0.13542223171943438,-0.16874761188126755,0.6169143056302377,0.7567045672845238,0.181506221470313,0.4778809308314024,0.22864012614037754
1589550635.323459,1.14,-4.06,8.66,0.37444444444444447,0.4711111111111111,-0.6611111111111111,-0.001090830782496456,-0.02399827721492203,0.5715953300281429,5.003640799311244,0.09490227807719166,0.394880743263717,-0.13582014672083909,-0.1684937587504006,0.6191519571491486,0.7548599836825837,0.181506221470313,0.4778809308314024,0.22864012614037754
1589550635.334635,0.87,-4.08,8.77,0.37444444444444447,0.4711111111111111,-0.6611111111111111,-0.00545415391248228,-0.025089107997418484,0.5672320068981571,4.998186645398762,0.09272061651219875,0.39597157404621347,-0.13628904885390866,-0.16820952347047108,0.6214553887546761,0.7529435909575884,0.1880465837723575,0.4308257391109686,0.23418789348797417
1589550635.3448205,1.03,-4.05,8.75,0.37444444444444447,0.4711111111111111,-0.6611111111111111,0.00545415391248228,-0.02617993877991494,0.5628686837681712,4.9927324914862785,0.09053895494720585,0.39597157404621347,-0.13660053101141387,-0.1679982485552413,0.6233126453630021,0.7513975176564981,0.1880465837723575,0.4308257391109686,0.23418789348797417
1589550635.3558354,0.73,-3.92,8.72,0.37444444444444447,0.4711111111111111,-0.6611111111111111,0.020725784867432664,-0.019634954084936207,0.5672320068981571,4.987278337573796,0.08944812416470939,0.39706240482870997,-0.13715436894630403,-0.1675158951168508,0.6268003734604072,0.7484974253743533,0.181506221470313,0.41713108403018173,0.22439736427242424
1589550635.3666244,0.97,-3.93,8.86,0.37444444444444447,0.4711111111111111,-0.6611111111111111,0.008726646259971648,-0.030543261909900768,0.5835944686356039,4.981824183661314,0.08726646259971647,0.39706240482870997,-0.13757710680979682,-0.16709907475268698,0.629276817298151,0.7464322649174212,0.16657462761459402,0.41713108403018173,0.22439736427242424
1589550635.3764615,1.03,-4.09,8.87,0.37444444444444447,0.4777777777777778,-0.6466666666666666,-0.0032724923474893677,-0.03490658503988659,0.5966844380255614,4.975279198966335,0.08508480103472357,0.3981532356112064,-0.1380144064626219,-0.1666954627800703,0.631594696029799,0.7444815553419268,0.16657462761459402,0.39510843012815433,0.31468770072761004
1589550635.3866296,0.62,-4.04,8.78,0.37444444444444447,0.4777777777777778,-0.6466666666666666,-0.009817477042468103,-0.0272707695624114,0.5977752688080579,4.969825045053853,0.08290313946973066,0.39924406639370286,-0.1384888851758271,-0.16640824209547833,0.6342594996855083,0.7421886638208228,0.181506221470313,0.39510843012815433,0.31468770072761004
1589550635.3943198,0.88,-3.89,8.72,0.37444444444444447,0.4777777777777778,-0.6466666666666666,-0.001090830782496456,-0.04145156973486533,0.6348635154129374,4.9632800603588745,0.0818123086872342,0.39924406639370286,-0.13902491841970907,-0.1660768337945209,0.6372043850030468,0.7396358084003704,0.181506221470313,0.41075044065421673,0.2718673071164087
1589550635.4076962,0.82,-3.79,8.79,0.37444444444444447,0.4777777777777778,-0.6466666666666666,0.008726646259971648,-0.038179077387375956,0.6861325621902707,4.956735075663896,0.07963064712224129,0.4003348971761993,-0.13963342821215902,-0.16559392883749,0.6406166084550995,0.73667599216302,0.1648161776447258,0.41075044065421673,0.3051113371361419
1589550635.4169765,0.71,-4.12,8.97,0.37444444444444447,0.4777777777777778,-0.6466666666666666,0.016362461737446838,-0.02399827721492203,0.7057675162752071,4.950190090968917,0.07635815477475191,0.4003348971761993,-0.14032667795735793,-0.1648998678433314,0.6446910326779786,0.7331370468222876,0.1648161776447258,0.41075044065421673,0.3051113371361419
1589550635.4253964,0.38,-3.91,8.83,0.3888888888888889,0.4633333333333333,-0.6466666666666666,0.01090830782496456,-0.016362461737446838,0.7330382858376184,4.9425542754914416,0.074176493209759,0.40142572795869574,-0.14085149978409078,-0.16438478721739508,0.64760743307586,0.7305772439413643,0.181506221470313,0.4308257391109686,0.3051113371361419
1589550635.4346304,0.48,-4.0,8.89,0.3888888888888889,0.4633333333333333,-0.6466666666666666,-0.009817477042468103,-0.05126904677733343,0.7690357016600015,4.934918460013966,0.07199483164476608,0.40142572795869574,-0.14191118358676993,-0.16362802424098502,0.6532423583321163,0.7255077580127512,0.181506221470313,0.4308257391109686,0.23189340531280003
1589550635.4442616,0.46,-4.0,8.61,0.3888888888888889,0.4633333333333333,-0.6466666666666666,-0.01090830782496456,-0.05126904677733343,0.818123086872342,4.927282644536492,0.06872233929727672,0.4025165587411922,-0.14191118358676993,-0.16362802424098502,0.6532423583321163,0.7255077580127512,0.15912263623198566,0.4308257391109686,0.23189340531280003
1589550635.454675,0.19,-3.73,8.76,0.3888888888888889,0.4633333333333333,-0.6466666666666666,0.002181661564992912,-0.042542400517361786,0.8792096106921435,4.91855599827652,0.06544984694978735,0.4025165587411922,,,,,0.15912263623198566,0.41408574428279465,0.3567681567603077
1589550635.466171,0.3,-3.92,8.89,0.3888888888888889,0.4633333333333333,-0.6466666666666666,0.019634954084936207,-0.03490658503988659,0.9533861039019024,4.909829352016549,0.062177354602297986,0.4036073895236887,,,,,0.18361401564054855,0.4381793078164114,0.3920522731410346
1589550635.473923,0.57,-4.13,8.74,0.4011111111111111,0.45111111111111113,-0.6533333333333333,0.011999138607461015,-0.04363323129985824,1.0122909661567112,4.898921044191583,0.05890486225480862,0.4036073895236887,,,,,0.18361401564054855,0.4381793078164114,0.3920522731410346
1589550635.4882946,0.4,-4.24,8.79,0.4011111111111111,0.45111111111111113,-0.6533333333333333,-0.008726646259971648,-0.05563236990731925,1.0679233360640303,4.889103567149116,0.05563236990731925,0.40469822030618513,,,,,0.1580056464698477,0.4381793078164114,0.3567681567603077
